id,first_name,last_name,email,gender,part_time_job,absence_days,extracurricular_activities,weekly_self_study_hours,career_aspiration,math_score,history_score,physics_score,chemistry_score,biology_score,english_score,geography_score
1,Ava,Johnson,ava.johnson.1@example.com,female,False,3,True,25,Lawyer,82,75,88,90,80,85,78
2,Liam,Smith,liam.smith.2@example.com,male,True,1,False,30,Doctor,90,85,92,87,83,88,81
3,Emma,Brown,emma.brown.3@example.com,female,False,2,True,20,Government Officer,78,80,84,85,79,76,82
4,Noah,Garcia,noah.garcia.4@example.com,male,False,0,True,35,Engineer,95,88,90,92,85,87,90
5,Olivia,Wilson,olivia.wilson.5@example.com,female,True,4,False,28,Teacher,76,72,88,80,77,81,83
6,Lucas,Martinez,lucas.martinez.6@example.com,male,False,5,True,15,Artist,82,76,86,91,84,88,79
7,Mia,Davis,mia.davis.7@example.com,female,True,2,True,22,Scientist,89,90,92,93,81,86,85
8,Ethan,Lee,ethan.lee.8@example.com,male,False,3,False,18,Business Analyst,74,84,79,78,75,80,77
9,Sophia,Rodriguez,sophia.rodriguez.9@example.com,female,False,1,True,32,Pharmacist,91,87,80,82,89,85,88
10,Jackson,Martinez,jackson.martinez.10@example.com,male,True,2,False,35,Software Developer,86,89,83,81,84,90,89
11,Amelia,Gonzalez,amelia.gonzalez.11@example.com,female,False,4,True,20,Writer,77,78,87,79,82,88,81
12,Aiden,Perez,aiden.perez.12@example.com,male,True,5,True,15,Researcher,83,80,85,88,78,82,84
13,Isabella,Torres,isabella.torres.13@example.com,female,False,1,False,30,Architect,90,84,88,91,81,87,86
14,Lucas,Hall,lucas.hall.14@example.com,male,False,2,True,28,Lawyer,82,76,91,90,79,83,85
15,Charlotte,Young,charlotte.young.15@example.com,female,True,0,True,25,Doctor,89,81,87,92,84,80,82
16,Mason,Allen,mason.allen.16@example.com,male,False,3,False,35,Scientist,95,83,86,89,82,78,84
17,Harper,Wright,harper.wright.17@example.com,female,True,2,True,30,Business Analyst,80,76,88,90,81,87,85
18,Elijah,Scott,elijah.scott.18@example.com,male,False,5,False,18,Engineer,78,79,90,82,83,85,87
19,Scarlett,Green,scarlett.green.19@example.com,female,True,4,True,22,Artist,85,82,91,88,80,84,83
20,James,Adams,james.adams.20@example.com,male,False,2,False,30,Teacher,88,78,87,85,82,86,81
21,Lily,Brown,lily.brown.21@example.com,female,True,1,True,20,Pharmacist,90,88,84,82,85,79,86
22,Lucas,Garcia,lucas.garcia.22@example.com,male,False,3,False,25,Engineer,80,82,90,88,86,77,85
23,Nora,White,nora.white.23@example.com,female,True,2,True,28,Doctor,85,75,86,90,81,83,89
24,Henry,Miller,henry.miller.24@example.com,male,False,4,False,20,Artist,79,80,88,87,78,84,82
25,Evelyn,Davis,evelyn.davis.25@example.com,female,True,1,True,25,Government Officer,88,83,91,92,80,87,84
26,Michael,Wilson,michael.wilson.26@example.com,male,False,2,False,22,Teacher,83,78,85,89,82,76,88
27,Chloe,Thompson,chloe.thompson.27@example.com,female,True,0,True,30,Researcher,90,84,87,91,85,79,82
28,Logan,Anderson,logan.anderson.28@example.com,male,False,3,False,25,Software Developer,81,86,89,90,83,78,81
29,Aria,Martin,aria.martin.29@example.com,female,True,4,True,28,Architect,86,87,90,92,82,84,86
30,Sebastian,Hernandez,sebastian.hernandez.30@example.com,male,False,2,False,22,Business Analyst,84,82,88,85,79,87,80
31,Mila,Moore,mila.moore.31@example.com,female,True,1,True,20,Pharmacist,87,89,90,91,84,83,82
32,Daniel,Lee,daniel.lee.32@example.com,male,False,3,False,30,Engineer,80,77,88,86,81,79,83
33,Audrey,Gonzalez,audrey.gonzalez.33@example.com,female,True,2,True,25,Doctor,89,82,90,91,85,78,87
34,Carter,Scott,carter.scott.34@example.com,male,False,4,False,20,Artist,82,80,86,88,79,83,81
35,Layla,Martinez,layla.martinez.35@example.com,female,True,1,True,30,Researcher,91,85,89,90,84,87,89
36,Isaac,Roberts,isaac.roberts.36@example.com,male,False,3,False,25,Teacher,79,78,85,84,77,82,80
37,Victoria,Clark,victoria.clark.37@example.com,female,True,2,True,22,Pharmacist,84,87,90,92,82,85,88
38,Elijah,Hall,elijah.hall.38@example.com,male,False,4,False,20,Engineer,76,80,88,85,78,80,79
39,Addison,Lee,addison.lee.39@example.com,female,True,1,True,30,Artist,87,82,91,90,85,83,84
40,Wyatt,Baker,wyatt.baker.40@example.com,male,False,2,False,20,Doctor,82,78,89,88,80,81,82
41,Ellie,Adams,ellie.adams.41@example.com,female,True,3,True,25,Teacher,90,85,84,83,78,76,88
42,Jack,Moore,jack.moore.42@example.com,male,False,4,False,22,Artist,85,79,90,91,81,88,84
43,Scarlett,Wilson,scarlett.wilson.43@example.com,female,True,2,True,30,Researcher,78,81,88,84,80,86,82
44,David,Johnson,david.johnson.44@example.com,male,False,1,False,20,Engineer,87,88,90,89,79,84,83
45,Samantha,Garcia,samantha.garcia.45@example.com,female,True,3,True,28,Pharmacist,90,85,86,88,82,88,85
46,Owen,Brown,owen.brown.46@example.com,male,False,4,False,25,Teacher,76,82,89,90,78,79,81
47,Lillian,Martin,lillian.martin.47@example.com,female,True,2,True,20,Researcher,82,89,87,91,80,83,84
48,Henry,Williams,henry.williams.48@example.com,male,False,1,False,22,Artist,79,84,90,88,81,77,82
49,Grace,Johnson,grace.johnson.49@example.com,female,True,3,True,30,Doctor,90,88,84,82,85,82,87
50,Nicholas,Moore,nicholas.moore.50@example.com,male,False,2,False,20,Engineer,85,75,86,91,83,78,85
51,Avery,Wilson,avery.wilson.51@example.com,female,True,1,True,25,Pharmacist,88,81,89,84,80,82,86
52,Joseph,Gonzalez,joseph.gonzalez.52@example.com,male,False,4,False,30,Artist,76,82,88,85,79,80,81
53,Chloe,Garcia,chloe.garcia.53@example.com,female,True,3,True,20,Teacher,84,85,87,90,82,84,89
54,Sofia,Young,sofia.young.54@example.com,female,False,2,False,25,Researcher,90,88,91,87,78,79,83
55,Daniel,Clark,daniel.clark.55@example.com,male,True,1,True,28,Engineer,85,80,89,88,81,77,84
56,Zoey,Lee,zoey.lee.56@example.com,female,False,2,False,20,Doctor,79,76,84,90,82,86,88
57,James,Martinez,james.martinez.57@example.com,male,True,3,True,30,Pharmacist,88,89,90,91,84,80,82
58,Hailey,Wright,hailey.wright.58@example.com,female,False,4,False,22,Teacher,86,87,88,90,80,83,81
59,Aiden,Johnson,aiden.johnson.59@example.com,male,True,1,True,20,Artist,92,81,90,85,82,88,86
60,Layla,Scott,layla.scott.60@example.com,female,False,3,False,30,Researcher,87,82,86,89,80,84,85
61,Logan,Thompson,logan.thompson.61@example.com,male,True,2,True,22,Engineer,80,75,88,90,81,82,84
62,Amelia,Gonzalez,amelia.gonzalez.62@example.com,female,False,4,False,20,Doctor,91,85,84,86,83,78,82
63,Isaac,Clark,isaac.clark.63@example.com,male,True,1,True,30,Pharmacist,84,79,90,89,85,81,88
64,Victoria,Hall,victoria.hall.64@example.com,female,False,3,False,22,Artist,88,81,87,90,82,84,80
65,Daniel,Martinez,daniel.martinez.65@example.com,male,True,2,True,25,Researcher,79,82,88,87,80,76,85
66,Mia,Wright,mia.wright.66@example.com,female,False,4,False,20,Teacher,84,88,91,90,83,82,86
67,Chase,Brown,chase.brown.67@example.com,male,True,1,True,30,Engineer,90,87,86,85,78,80,83
68,Emma,Lee,emma.lee.68@example.com,female,False,2,False,22,Doctor,88,85,89,90,84,82,87
69,Liam,Wilson,liam.wilson.69@example.com,male,True,3,True,25,Pharmacist,82,80,90,88,85,81,84
70,Olivia,Gonzalez,olivia.gonzalez.70@example.com,female,False,4,False,30,Artist,86,89,87,90,83,79,85
71,Sebastian,Moore,sebastian.moore.71@example.com,male,True,1,True,28,Teacher,88,76,89,88,82,86,83
72,Evelyn,Johnson,evelyn.johnson.72@example.com,female,False,2,False,20,Researcher,80,81,88,89,78,82,84
73,Alexander,Garcia,alexander.garcia.73@example.com,male,True,3,True,25,Engineer,79,82,90,91,84,87,82
74,Grace,Smith,grace.smith.74@example.com,female,False,4,False,22,Doctor,91,83,88,86,82,84,88
75,Liam,Johnson,liam.johnson.75@example.com,male,True,1,True,30,Pharmacist,90,78,87,90,84,79,86
76,Avery,Adams,avery.adams.76@example.com,female,False,2,False,20,Artist,82,79,86,85,83,80,84
77,William,Williams,william.williams.77@example.com,male,True,3,True,25,Teacher,84,81,88,89,80,82,87
78,Natalie,Brown,natalie.brown.78@example.com,female,False,4,False,30,Researcher,87,88,91,90,81,83,86
79,Owen,Johnson,owen.johnson.79@example.com,male,True,1,True,20,Engineer,90,85,90,88,84,82,81
80,Charlotte,Garcia,charlotte.garcia.80@example.com,female,False,2,False,22,Doctor,78,81,89,90,82,83,88
81,Mason,Martinez,mason.martinez.81@example.com,male,True,3,True,30,Pharmacist,82,79,88,85,80,81,83
82,Amelia,Brown,amelia.brown.82@example.com,female,False,4,False,20,Artist,89,87,90,88,84,80,82
83,James,Lee,james.lee.83@example.com,male,True,1,True,25,Teacher,91,84,89,90,82,79,85
84,Emma,Wilson,emma.wilson.84@example.com,female,False,2,False,30,Researcher,84,78,88,86,78,81,82
85,Liam,Garcia,liam.garcia.85@example.com,male,True,3,True,28,Engineer,88,89,90,91,83,82,85
86,Olivia,Scott,olivia.scott.86@example.com,female,False,1,True,25,Doctor,90,85,88,89,84,79,81
87,Sebastian,Wright,sebastian.wright.87@example.com,male,True,2,False,20,Pharmacist,83,82,87,88,80,86,82
88,Grace,Thompson,grace.thompson.88@example.com,female,False,4,False,30,Artist,82,80,86,90,84,81,88
89,Nathan,Adams,nathan.adams.89@example.com,male,True,3,True,22,Teacher,89,87,90,91,82,84,82
90,Evelyn,Johnson,evelyn.johnson.90@example.com,female,False,2,False,20,Researcher,84,78,88,87,78,80,85
91,Lucas,Gonzalez,lucas.gonzalez.91@example.com,male,True,1,True,25,Engineer,87,86,90,91,82,84,88
92,Chloe,Moore,chloe.moore.92@example.com,female,False,3,False,30,Doctor,90,85,89,90,83,79,82
93,James,Thompson,james.thompson.93@example.com,male,True,2,True,20,Pharmacist,82,84,88,89,80,82,85
94,Addison,Lee,addison.lee.94@example.com,female,False,4,False,22,Artist,78,80,86,88,82,84,81
95,Liam,Martinez,liam.martinez.95@example.com,male,True,1,True,30,Teacher,85,82,88,89,78,83,84
96,Ava,Gonzalez,ava.gonzalez.96@example.com,female,False,2,False,20,Researcher,80,78,90,88,84,82,86
97,Sebastian,Brown,sebastian.brown.97@example.com,male,True,3,True,28,Engineer,82,85,88,90,81,84,85
98,Sofia,Williams,sofia.williams.98@example.com,female,False,1,False,30,Doctor,88,84,90,89,82,80,83
99,Oliver,Johnson,oliver.johnson.99@example.com,male,True,2,True,25,Pharmacist,90,85,86,88,81,78,87
100,Evelyn,Smith,evelyn.smith.100@example.com,female,False,4,False,20,Artist,82,76,88,90,80,83,81
101,Michael,Adams,michael.adams.101@example.com,male,True,3,True,25,Doctor,90,82,89,87,84,80,82
102,Sophia,Brown,sophia.brown.102@example.com,female,False,2,False,20,Researcher,85,79,90,88,81,86,83
103,Elijah,Martin,elijah.martin.103@example.com,male,True,1,True,30,Engineer,87,84,88,89,82,78,85
104,Emma,Gonzalez,emma.gonzalez.104@example.com,female,False,4,False,22,Teacher,78,80,89,87,85,82,84
105,Aiden,Smith,aiden.smith.105@example.com,male,True,3,True,28,Pharmacist,90,88,90,92,81,79,82
106,Mia,Williams,mia.williams.106@example.com,female,False,1,True,20,Artist,84,77,88,86,80,84,83
107,Liam,Johnson,liam.johnson.107@example.com,male,False,2,False,30,Researcher,81,80,87,89,82,85,87
108,Chloe,Lee,chloe.lee.108@example.com,female,True,3,True,25,Doctor,89,82,90,91,84,81,85
109,Lucas,Anderson,lucas.anderson.109@example.com,male,False,4,False,20,Engineer,90,78,88,89,83,76,81
110,Grace,Martin,grace.martin.110@example.com,female,True,2,True,30,Teacher,88,80,89,87,84,78,85
111,Oliver,Wright,oliver.wright.111@example.com,male,False,1,False,25,Pharmacist,82,79,87,88,81,84,82
112,Emma,Gonzalez,emma.gonzalez.112@example.com,female,True,3,True,28,Artist,85,82,90,89,83,80,88
113,Noah,Clark,noah.clark.113@example.com,male,False,2,False,20,Researcher,79,80,88,90,84,82,81
114,Harper,Smith,harper.smith.114@example.com,female,True,1,True,30,Doctor,90,81,86,87,82,84,83
115,Jackson,Brown,jackson.brown.115@example.com,male,False,4,False,22,Engineer,83,82,89,88,78,81,82
116,Sofia,Johnson,sofia.johnson.116@example.com,female,True,3,True,25,Pharmacist,86,84,90,91,81,79,86
117,Aiden,Martinez,aiden.martinez.117@example.com,male,False,1,False,30,Artist,88,79,87,88,83,80,84
118,Layla,Garcia,layla.garcia.118@example.com,female,True,2,True,20,Teacher,79,82,89,90,84,78,82
119,William,Adams,william.adams.119@example.com,male,False,3,False,25,Researcher,91,81,88,87,83,85,80
120,Emily,Anderson,emily.anderson.120@example.com,female,True,4,False,20,Doctor,84,78,90,88,80,82,85
121,Michael,Wright,michael.wright.121@example.com,male,True,1,True,30,Pharmacist,89,85,86,89,82,80,84
122,Chloe,Torres,chloe.torres.122@example.com,female,False,2,False,22,Artist,85,79,88,87,81,82,82
123,Nathan,Smith,nathan.smith.123@example.com,male,True,3,True,25,Teacher,82,81,90,91,84,80,88
124,Amelia,Johnson,amelia.johnson.124@example.com,female,False,4,False,20,Researcher,88,83,88,90,80,76,84
125,Liam,Gonzalez,liam.gonzalez.125@example.com,male,True,1,True,30,Engineer,85,84,89,88,82,81,85
126,Grace,Wilson,grace.wilson.126@example.com,female,False,2,False,25,Doctor,90,87,86,90,81,78,82
127,Sebastian,Lee,sebastian.lee.127@example.com,male,True,3,True,22,Pharmacist,83,85,88,89,79,80,83
128,Sophia,Brown,sophia.brown.128@example.com,female,False,4,False,20,Artist,89,81,90,88,84,82,84
129,Ethan,Adams,ethan.adams.129@example.com,male,True,1,True,30,Researcher,88,87,88,89,80,78,82
130,Ava,Martinez,ava.martinez.130@example.com,female,False,2,False,25,Teacher,90,82,86,90,81,83,85
131,Daniel,Anderson,daniel.anderson.131@example.com,male,True,3,True,20,Pharmacist,82,80,88,88,83,81,84
132,Chloe,Wright,chloe.wright.132@example.com,female,False,4,False,22,Artist,87,85,90,87,82,78,81
133,Mason,Gonzalez,mason.gonzalez.133@example.com,male,True,1,True,30,Doctor,89,81,89,90,80,79,82
134,Lillian,Johnson,lillian.johnson.134@example.com,female,False,2,False,20,Researcher,84,76,88,88,82,84,83
135,Logan,Brown,logan.brown.135@example.com,male,True,3,True,28,Engineer,82,84,89,90,80,81,85
136,Amelia,Garcia,amelia.garcia.136@example.com,female,False,4,False,30,Pharmacist,90,82,86,87,79,84,82
137,Isaac,Smith,isaac.smith.137@example.com,male,True,1,True,25,Artist,85,80,88,88,84,79,81
138,Evelyn,Martinez,evelyn.martinez.138@example.com,female,False,2,False,20,Doctor,89,84,90,91,83,80,87
139,Noah,Clark,noah.clark.139@example.com,male,True,3,True,30,Researcher,82,88,88,90,81,83,82
140,Chloe,Johnson,chloe.johnson.140@example.com,female,False,1,True,22,Pharmacist,90,83,89,88,80,84,81
141,Elijah,Garcia,elijah.garcia.141@example.com,male,True,2,True,25,Artist,84,81,88,87,82,80,82
142,Harper,Williams,harper.williams.142@example.com,female,False,4,False,20,Engineer,87,79,90,88,81,82,84
143,Aiden,Smith,aiden.smith.143@example.com,male,True,3,True,30,Doctor,85,88,89,90,79,81,83
144,Layla,Martin,layla.martin.144@example.com,female,False,2,False,20,Researcher,80,80,87,88,82,79,81
145,Michael,Brown,michael.brown.145@example.com,male,True,1,True,30,Pharmacist,88,84,90,89,83,82,85
146,Sofia,Gonzalez,sofia.gonzalez.146@example.com,female,False,3,False,25,Artist,85,76,88,90,80,82,82
147,James,Lee,james.lee.147@example.com,male,True,2,True,22,Teacher,82,80,89,88,84,78,81
148,Evelyn,Smith,evelyn.smith.148@example.com,female,False,4,False,20,Researcher,89,82,90,91,83,80,87
149,Oliver,Anderson,oliver.anderson.149@example.com,male,True,1,True,30,Engineer,85,79,88,87,80,81,84
150,Mia,Martin,mia.martin.150@example.com,female,False,2,False,25,Doctor,90,84,89,90,81,78,82
151,Nathan,Thompson,nathan.thompson.151@example.com,male,True,3,True,20,Pharmacist,84,82,90,91,82,80,85
152,Avery,Brown,avery.brown.152@example.com,female,False,4,False,22,Artist,82,80,88,89,80,83,81
153,Isaac,Smith,isaac.smith.153@example.com,male,True,1,True,30,Researcher,90,87,89,88,81,78,84
154,Emma,Johnson,emma.johnson.154@example.com,female,False,2,False,20,Doctor,87,82,90,89,82,80,83
155,Logan,Anderson,logan.anderson.155@example.com,male,True,3,True,25,Pharmacist,85,83,88,90,84,81,85
156,Ava,Garcia,ava.garcia.156@example.com,female,False,4,False,30,Artist,90,79,87,88,83,80,82
157,Sebastian,Martinez,sebastian.martinez.157@example.com,male,True,1,True,20,Researcher,82,82,89,90,82,78,83
158,Lillian,Brown,lillian.brown.158@example.com,female,False,2,False,22,Doctor,84,80,88,87,81,79,84
159,Aiden,Williams,aiden.williams.159@example.com,male,True,3,True,28,Engineer,88,87,90,89,84,81,85
160,Nora,Johnson,nora.johnson.160@example.com,female,False,1,True,30,Pharmacist,85,84,88,88,82,80,83
161,Chloe,Martin,chloe.martin.161@example.com,female,False,2,False,20,Artist,90,78,87,90,84,82,81
162,Nathan,Gonzalez,nathan.gonzalez.162@example.com,male,True,3,True,25,Teacher,83,80,88,88,81,79,82
163,Evelyn,Adams,evelyn.adams.163@example.com,female,False,4,False,22,Researcher,89,81,90,87,82,80,84
164,Oliver,Smith,oliver.smith.164@example.com,male,True,1,True,30,Doctor,90,82,86,89,80,79,85
165,Layla,Johnson,layla.johnson.165@example.com,female,False,2,False,25,Pharmacist,88,83,88,90,82,80,82
166,Sebastian,Lee,sebastian.lee.166@example.com,male,True,3,True,20,Artist,87,81,89,88,83,78,84
167,Mia,Brown,mia.brown.167@example.com,female,False,4,False,30,Researcher,82,80,87,90,81,79,82
168,Aiden,Clark,aiden.clark.168@example.com,male,True,1,True,25,Doctor,90,87,88,89,82,81,84
169,Sophia,Martin,sophia.martin.169@example.com,female,False,2,False,20,Pharmacist,86,82,90,88,80,83,81
170,Liam,Wright,liam.wright.170@example.com,male,True,3,True,30,Artist,84,85,88,87,82,79,82
171,Grace,Brown,grace.brown.171@example.com,female,False,4,False,22,Teacher,90,82,89,90,81,78,83
172,Noah,Garcia,noah.garcia.172@example.com,male,True,1,True,20,Researcher,88,81,88,89,83,80,84
173,Avery,Johnson,avery.johnson.173@example.com,female,False,2,False,25,Doctor,89,84,90,88,80,82,85
174,Ethan,Williams,ethan.williams.174@example.com,male,True,3,True,28,Pharmacist,82,80,88,90,82,81,85
175,Layla,Martin,layla.martin.175@example.com,female,False,1,True,30,Artist,90,87,89,90,84,78,82
176,Mason,Thompson,mason.thompson.176@example.com,male,True,2,True,20,Researcher,85,79,88,89,80,82,81
177,Evelyn,Garcia,evelyn.garcia.177@example.com,female,False,4,False,22,Doctor,90,84,90,87,81,80,83
178,James,Adams,james.adams.178@example.com,male,True,3,True,25,Pharmacist,84,78,87,90,82,81,84
179,Sofia,Smith,sofia.smith.179@example.com,female,False,1,True,30,Artist,90,86,89,88,80,79,82
180,Aiden,Johnson,aiden.johnson.180@example.com,male,False,2,False,20,Researcher,88,83,90,89,81,78,84
181,Nathan,Anderson,nathan.anderson.181@example.com,male,True,3,True,30,Doctor,82,78,88,90,84,80,85
182,Mia,Clark,mia.clark.182@example.com,female,False,4,False,25,Pharmacist,90,85,89,91,82,81,83
183,Sebastian,Wright,sebastian.wright.183@example.com,male,True,1,True,22,Artist,84,82,90,88,81,80,82
184,Olivia,Brown,olivia.brown.184@example.com,female,False,2,False,20,Researcher,88,80,87,89,82,84,81
185,Isaac,Garcia,isaac.garcia.185@example.com,male,True,3,True,25,Doctor,85,81,90,90,84,78,82
186,Lillian,Williams,lillian.williams.186@example.com,female,False,4,False,30,Pharmacist,82,79,89,88,80,82,84
187,Evelyn,Smith,evelyn.smith.187@example.com,female,True,1,True,20,Artist,90,83,88,90,81,80,85
188,Aiden,Martin,aiden.martin.188@example.com,male,False,2,False,25,Researcher,89,85,89,87,82,81,82
189,Sebastian,Johnson,sebastian.johnson.189@example.com,male,True,3,True,30,Doctor,88,82,88,90,84,78,83
190,Amelia,Brown,amelia.brown.190@example.com,female,False,1,True,22,Pharmacist,90,84,90,88,81,82,82
191,Noah,Garcia,noah.garcia.191@example.com,male,True,2,True,25,Artist,85,80,88,87,83,78,84
192,Sophia,Wright,sophia.wright.192@example.com,female,False,3,False,20,Researcher,89,81,89,90,80,82,85
193,Logan,Adams,logan.adams.193@example.com,male,True,4,False,22,Doctor,90,85,90,88,82,79,82
194,Mia,Martinez,mia.martinez.194@example.com,female,False,1,True,30,Pharmacist,84,79,88,89,80,81,84
195,Ethan,Johnson,ethan.johnson.195@example.com,male,True,2,True,25,Artist,88,81,90,88,82,80,83
196,Avery,Brown,avery.brown.196@example.com,female,False,3,False,20,Researcher,82,82,89,90,83,78,81
197,Oliver,Smith,oliver.smith.197@example.com,male,True,4,False,30,Doctor,90,87,88,89,84,79,82
198,Sebastian,Gonzalez,sebastian.gonzalez.198@example.com,male,False,1,True,22,Pharmacist,85,80,89,88,80,81,83
199,Sofia,Johnson,sofia.johnson.199@example.com,female,True,2,True,25,Artist,88,83,90,89,81,78,84
200,Nathan,Adams,nathan.adams.200@example.com,male,False,3,True,20,Researcher,90,82,88,90,82,80,82
201,Layla,Martinez,layla.martinez.201@example.com,female,True,4,False,30,Doctor,88,79,89,88,82,81,83
202,Ethan,Smith,ethan.smith.202@example.com,male,False,1,True,25,Pharmacist,85,82,90,89,80,78,84
203,Sophia,Garcia,sophia.garcia.203@example.com,female,True,2,True,20,Artist,90,80,88,87,81,82,81
204,Logan,Adams,logan.adams.204@example.com,male,False,3,True,22,Researcher,88,81,89,90,82,78,82
205,Chloe,Johnson,chloe.johnson.205@example.com,female,True,4,False,30,Doctor,82,79,87,88,84,80,83
206,Noah,Lee,noah.lee.206@example.com,male,False,1,True,25,Pharmacist,90,86,88,89,81,82,84
207,Mia,Smith,mia.smith.207@example.com,female,True,2,True,20,Artist,88,82,90,88,83,79,85
208,Aiden,Martinez,aiden.martinez.208@example.com,male,False,3,False,22,Researcher,85,78,89,90,81,82,81
209,Isabella,Anderson,isabella.anderson.209@example.com,female,True,4,False,30,Doctor,90,84,88,89,80,81,82
210,Oliver,Thompson,oliver.thompson.210@example.com,male,False,1,True,25,Pharmacist,87,80,89,88,84,79,83
211,Lillian,Williams,lillian.williams.211@example.com,female,True,2,True,20,Artist,90,83,88,87,82,80,81
212,Sebastian,Brown,sebastian.brown.212@example.com,male,False,3,True,22,Researcher,82,82,90,89,83,78,82
213,Amelia,Garcia,amelia.garcia.213@example.com,female,True,4,False,30,Doctor,88,80,87,90,81,82,83
214,James,Johnson,james.johnson.214@example.com,male,False,1,True,25,Pharmacist,90,84,88,88,84,80,81
215,Sophia,Smith,sophia.smith.215@example.com,female,True,2,True,20,Artist,85,78,89,90,82,81,82
216,Nathan,Martinez,nathan.martinez.216@example.com,male,False,3,False,22,Researcher,88,82,90,89,80,79,84
217,Layla,Brown,layla.brown.217@example.com,female,True,4,False,30,Doctor,90,85,88,90,81,78,82
218,Ethan,Adams,ethan.adams.218@example.com,male,False,1,True,25,Pharmacist,82,80,89,88,83,80,81
219,Sophia,Garcia,sophia.garcia.219@example.com,female,True,2,True,20,Artist,88,81,90,89,84,82,85
220,Oliver,Williams,oliver.williams.220@example.com,male,False,3,True,22,Researcher,90,84,88,88,81,79,83
221,Layla,Johnson,layla.johnson.221@example.com,female,True,4,False,30,Doctor,85,82,89,90,80,82,81
222,Ethan,Thompson,ethan.thompson.222@example.com,male,False,1,True,25,Pharmacist,88,86,90,89,83,78,84
223,Nora,Brown,nora.brown.223@example.com,female,True,2,True,20,Artist,90,82,88,87,81,80,85
224,Aiden,Smith,aiden.smith.224@example.com,male,False,3,False,22,Researcher,84,79,88,90,82,81,83
225,Sebastian,Lee,sebastian.lee.225@example.com,male,True,4,False,30,Doctor,90,88,89,88,84,80,81
226,Lillian,Adams,lillian.adams.226@example.com,female,False,1,True,25,Pharmacist,87,82,90,89,80,81,82
227,James,Martinez,james.martinez.227@example.com,male,True,2,True,20,Artist,90,84,88,90,81,79,83
228,Avery,Gonzalez,avery.gonzalez.228@example.com,female,False,3,True,22,Researcher,84,81,88,87,82,78,81
229,Ethan,Wright,ethan.wright.229@example.com,male,True,4,False,30,Doctor,90,86,89,89,83,80,84
230,Sophia,Smith,sophia.smith.230@example.com,female,False,1,True,25,Pharmacist,88,79,88,90,82,81,82
231,Layla,Anderson,layla.anderson.231@example.com,female,True,2,True,20,Artist,90,82,87,88,81,80,84
232,Oliver,Johnson,oliver.johnson.232@example.com,male,False,3,False,22,Researcher,84,80,90,89,83,78,82
233,Avery,Williams,avery.williams.233@example.com,female,True,4,False,30,Doctor,90,84,88,90,82,81,81
234,Sebastian,Smith,sebastian.smith.234@example.com,male,False,1,True,25,Pharmacist,85,83,88,88,81,78,83
235,James,Johnson,james.johnson.235@example.com,male,True,2,True,20,Artist,90,82,90,89,80,82,84
236,Mia,Brown,mia.brown.236@example.com,female,False,3,True,22,Researcher,88,79,88,90,82,81,82
237,Nathan,Garcia,nathan.garcia.237@example.com,male,True,4,False,30,Doctor,90,87,89,88,81,78,85
238,Ethan,Martinez,ethan.martinez.238@example.com,male,False,1,True,25,Pharmacist,85,82,90,89,83,80,84
239,Sophia,Wright,sophia.wright.239@example.com,female,True,2,True,20,Artist,88,80,88,88,84,82,83
240,Oliver,Anderson,oliver.anderson.240@example.com,male,False,3,False,22,Researcher,90,85,89,90,82,81,82
241,Layla,Smith,layla.smith.241@example.com,female,True,4,False,30,Doctor,82,78,89,88,81,79,84
242,Aiden,Johnson,aiden.johnson.242@example.com,male,False,1,True,25,Pharmacist,90,84,88,90,80,82,85
243,Nora,Garcia,nora.garcia.243@example.com,female,True,2,True,20,Artist,88,81,90,89,83,78,84
244,Ethan,Brown,ethan.brown.244@example.com,male,False,3,True,22,Researcher,84,82,88,90,82,81,83
245,Sophia,Lee,sophia.lee.245@example.com,female,True,4,False,30,Doctor,90,86,89,88,81,78,82
246,Nathan,Martinez,nathan.martinez.246@example.com,male,False,1,True,25,Pharmacist,85,80,89,89,84,81,82
247,Mia,Adams,mia.adams.247@example.com,female,True,2,True,20,Artist,90,82,88,90,81,80,84
248,Aiden,Johnson,aiden.johnson.248@example.com,male,False,3,True,22,Researcher,88,81,90,88,82,79,82
249,Ethan,Smith,ethan.smith.249@example.com,male,True,4,False,30,Doctor,90,85,89,89,83,80,84
250,Isabella,Williams,isabella.williams.250@example.com,female,False,1,True,25,Pharmacist,84,79,88,90,82,78,81
251,Layla,Martinez,layla.martinez.251@example.com,female,True,2,True,20,Artist,90,82,87,88,81,80,84
252,Oliver,Thompson,oliver.thompson.252@example.com,male,False,3,True,25,Researcher,88,80,90,89,82,81,83
253,Nathan,Brown,nathan.brown.253@example.com,male,True,4,False,30,Doctor,90,86,89,88,84,79,82
254,Avery,Smith,avery.smith.254@example.com,female,False,1,True,22,Pharmacist,85,78,88,90,82,80,81
255,Sophia,Gonzalez,sophia.gonzalez.255@example.com,female,True,2,True,20,Artist,90,83,88,89,81,78,83
256,Ethan,Lee,ethan.lee.256@example.com,male,False,3,False,25,Researcher,88,84,90,88,83,80,84
257,Isabella,Johnson,isabella.johnson.257@example.com,female,True,4,False,30,Doctor,85,81,89,90,81,82,82
258,James,Smith,james.smith.258@example.com,male,False,1,True,22,Pharmacist,90,85,88,89,82,79,83
259,Lillian,Williams,lillian.williams.259@example.com,female,True,2,True,20,Artist,90,84,90,88,81,80,84
260,Nathan,Garcia,nathan.garcia.260@example.com,male,False,3,True,25,Researcher,88,79,89,90,84,78,82
261,Oliver,Adams,oliver.adams.261@example.com,male,True,4,False,30,Doctor,90,86,88,89,83,80,84
262,Mia,Thompson,mia.thompson.262@example.com,female,False,1,True,25,Pharmacist,82,80,88,88,82,81,83
263,Ethan,Brown,ethan.brown.263@example.com,male,True,2,True,20,Artist,90,82,90,89,81,78,84
264,Sophia,Clark,sophia.clark.264@example.com,female,False,3,False,25,Researcher,84,81,88,90,82,80,82
265,James,Lee,james.lee.265@example.com,male,True,4,False,30,Doctor,90,87,89,88,84,79,85
266,Layla,Wright,layla.wright.266@example.com,female,False,1,True,22,Pharmacist,85,82,89,90,81,80,84
267,Avery,Gonzalez,avery.gonzalez.267@example.com,female,True,2,True,20,Artist,90,80,88,87,82,81,81
268,Nathan,Johnson,nathan.johnson.268@example.com,male,False,3,True,25,Researcher,88,84,90,89,83,78,83
269,Oliver,Brown,oliver.brown.269@example.com,male,True,4,False,30,Doctor,90,86,88,89,81,80,82
270,Mia,Garcia,mia.garcia.270@example.com,female,False,1,True,22,Pharmacist,84,78,88,90,82,81,83
271,Ethan,Thompson,ethan.thompson.271@example.com,male,True,2,True,20,Artist,90,81,89,88,83,79,84
272,Sophia,Wright,sophia.wright.272@example.com,female,False,3,True,25,Researcher,88,80,90,89,82,80,81
273,Lillian,Smith,lillian.smith.273@example.com,female,True,4,False,30,Doctor,90,85,88,88,84,78,83
274,Nathan,Adams,nathan.adams.274@example.com,male,False,1,True,25,Pharmacist,82,81,88,90,81,80,84
275,Oliver,Johnson,oliver.johnson.275@example.com,male,True,2,True,20,Artist,90,86,89,89,82,79,83
276,Mia,Garcia,mia.garcia.276@example.com,female,False,3,False,25,Researcher,85,82,90,88,81,78,82
277,Ethan,Brown,ethan.brown.277@example.com,male,True,4,False,30,Doctor,90,87,88,89,84,80,81
278,Avery,Martinez,avery.martinez.278@example.com,female,False,1,True,22,Pharmacist,88,79,88,90,82,81,82
279,Sophia,Thompson,sophia.thompson.279@example.com,female,True,2,True,20,Artist,90,82,90,89,81,80,84
280,Nathan,Lee,nathan.lee.280@example.com,male,False,3,True,25,Researcher,84,78,89,90,82,79,83
281,Oliver,Adams,oliver.adams.281@example.com,male,True,4,False,30,Doctor,90,84,88,89,83,80,84
282,Lillian,Smith,lillian.smith.282@example.com,female,False,1,True,25,Pharmacist,87,81,90,88,81,82,82
283,Avery,Williams,avery.williams.283@example.com,female,True,2,True,20,Artist,90,82,88,90,84,78,83
284,Nathan,Garcia,nathan.garcia.284@example.com,male,False,3,True,25,Researcher,88,80,89,89,82,81,82
285,Mia,Thompson,mia.thompson.285@example.com,female,True,4,False,30,Doctor,90,86,88,89,81,79,83
286,Ethan,Smith,ethan.smith.286@example.com,male,False,1,True,25,Pharmacist,85,79,90,88,83,80,84
287,Sophia,Martinez,sophia.martinez.287@example.com,female,True,2,True,20,Artist,90,84,88,90,82,81,82
288,Nathan,Brown,nathan.brown.288@example.com,male,False,3,True,25,Researcher,88,82,90,89,81,78,83
289,Oliver,Johnson,oliver.johnson.289@example.com,male,True,4,False,30,Doctor,90,85,89,88,84,79,84
290,Mia,Williams,mia.williams.290@example.com,female,False,1,True,25,Pharmacist,82,80,88,88,82,81,83
291,Ethan,Lee,ethan.lee.291@example.com,male,True,2,True,20,Artist,90,83,88,89,81,80,84
292,Sophia,Clark,sophia.clark.292@example.com,female,False,3,False,25,Researcher,84,78,90,88,82,79,82
293,Nathan,Thompson,nathan.thompson.293@example.com,male,True,4,False,30,Doctor,90,87,89,89,83,80,84
294,Lillian,Adams,lillian.adams.294@example.com,female,False,1,True,25,Pharmacist,88,81,88,90,81,82,82
295,Avery,Garcia,avery.garcia.295@example.com,female,True,2,True,20,Artist,90,82,90,89,80,81,84
296,Ethan,Brown,ethan.brown.296@example.com,male,False,3,True,25,Researcher,88,80,88,88,84,78,83
297,Sophia,Johnson,sophia.johnson.297@example.com,female,True,4,False,30,Doctor,90,86,89,88,81,80,85
298,Nathan,Martinez,nathan.martinez.298@example.com,male,False,1,True,25,Pharmacist,85,83,88,89,82,78,82
299,Oliver,Lee,oliver.lee.299@example.com,male,True,2,True,20,Artist,90,81,90,90,84,79,83
300,Mia,Smith,mia.smith.300@example.com,female,False,3,True,25,Researcher,88,84,88,89,81,80,82
301,Ethan,Garcia,ethan.garcia.301@example.com,male,True,4,False,30,Doctor,90,85,89,88,82,80,84
302,Sophia,Brown,sophia.brown.302@example.com,female,False,1,True,25,Pharmacist,87,81,88,89,80,79,83
303,Nathan,Johnson,nathan.johnson.303@example.com,male,True,2,True,20,Artist,90,82,90,88,81,78,82
304,Lillian,Martinez,lillian.martinez.304@example.com,female,False,3,True,25,Researcher,85,78,88,90,84,81,84
305,Avery,Thompson,avery.thompson.305@example.com,female,True,4,False,30,Doctor,90,84,89,89,82,79,83
306,Ethan,Wright,ethan.wright.306@example.com,male,False,1,True,25,Pharmacist,88,80,90,88,83,80,84
307,Mia,Brown,mia.brown.307@example.com,female,True,2,True,20,Artist,90,82,88,89,81,78,82
308,Nathan,Adams,nathan.adams.308@example.com,male,False,3,True,25,Researcher,86,81,88,90,84,79,83
309,Oliver,Smith,oliver.smith.309@example.com,male,True,4,False,30,Doctor,90,87,89,88,82,80,84
310,Sophia,Garcia,sophia.garcia.310@example.com,female,False,1,True,25,Pharmacist,85,82,88,89,80,81,82
311,Lillian,Johnson,lillian.johnson.311@example.com,female,True,2,True,20,Artist,90,83,89,88,81,79,84
312,Ethan,Thompson,ethan.thompson.312@example.com,male,False,3,False,25,Researcher,88,78,90,89,82,80,81
313,Nathan,Garcia,nathan.garcia.313@example.com,male,True,4,False,30,Doctor,90,86,89,88,83,78,84
314,Avery,Williams,avery.williams.314@example.com,female,False,1,True,25,Pharmacist,88,80,88,89,82,81,82
315,Mia,Smith,mia.smith.315@example.com,female,True,2,True,20,Artist,90,82,90,88,81,80,84
316,Oliver,Martinez,oliver.martinez.316@example.com,male,False,3,True,25,Researcher,86,81,88,90,83,79,83
317,Sophia,Brown,sophia.brown.317@example.com,female,True,4,False,30,Doctor,90,84,89,88,82,80,84
318,Ethan,Wright,ethan.wright.318@example.com,male,False,1,True,25,Pharmacist,85,78,89,88,81,79,82
319,Lillian,Adams,lillian.adams.319@example.com,female,True,2,True,20,Artist,90,83,88,89,84,80,82
320,Nathan,Smith,nathan.smith.320@example.com,male,False,3,True,25,Researcher,88,82,90,88,81,79,83
321,Oliver,Garcia,oliver.garcia.321@example.com,male,True,4,False,30,Doctor,90,86,89,88,82,78,84
322,Mia,Brown,mia.brown.322@example.com,female,False,1,True,25,Pharmacist,84,80,88,90,81,80,81
323,Ethan,Thompson,ethan.thompson.323@example.com,male,True,2,True,20,Artist,90,82,89,88,83,79,83
324,Sophia,Johnson,sophia.johnson.324@example.com,female,False,3,False,25,Researcher,88,81,90,89,81,78,84
325,Lillian,Martinez,lillian.martinez.325@example.com,female,True,4,False,30,Doctor,90,84,89,88,82,79,84
326,Nathan,Garcia,nathan.garcia.326@example.com,male,False,1,True,25,Pharmacist,85,80,88,89,84,81,83
327,Oliver,Smith,oliver.smith.327@example.com,male,True,2,True,20,Artist,90,82,90,88,81,78,82
328,Mia,Brown,mia.brown.328@example.com,female,False,3,True,25,Researcher,88,80,88,90,81,79,84
329,Ethan,Lee,ethan.lee.329@example.com,male,True,4,False,30,Doctor,90,86,89,88,82,80,84
330,Sophia,Adams,sophia.adams.330@example.com,female,False,1,True,25,Pharmacist,84,78,88,90,81,80,81
331,Lillian,Martinez,lillian.martinez.331@example.com,female,True,2,True,20,Artist,90,83,88,89,82,79,84
332,Nathan,Brown,nathan.brown.332@example.com,male,False,3,True,25,Researcher,88,82,90,88,84,79,83
333,Oliver,Gonzalez,oliver.gonzalez.333@example.com,male,True,4,False,30,Doctor,90,86,89,89,83,78,84
334,Mia,Johnson,mia.johnson.334@example.com,female,False,1,True,25,Pharmacist,85,81,88,90,81,80,82
335,Ethan,Thompson,ethan.thompson.335@example.com,male,True,2,True,20,Artist,90,84,88,89,82,79,83
336,Sophia,Wright,sophia.wright.336@example.com,female,False,3,True,25,Researcher,88,80,89,88,81,78,84
337,Lillian,Lee,lillian.lee.337@example.com,female,True,4,False,30,Doctor,90,85,89,88,84,80,83
338,Nathan,Smith,nathan.smith.338@example.com,male,False,1,True,25,Pharmacist,84,79,88,90,82,81,82
339,Oliver,Garcia,oliver.garcia.339@example.com,male,True,2,True,20,Artist,90,81,90,88,81,78,82
340,Mia,Adams,mia.adams.340@example.com,female,False,3,True,25,Researcher,88,82,88,89,83,79,83
341,Ethan,Martinez,ethan.martinez.341@example.com,male,True,4,False,30,Doctor,90,86,89,88,82,80,84
342,Sophia,Brown,sophia.brown.342@example.com,female,False,1,True,25,Pharmacist,85,82,88,89,80,81,82
343,Lillian,Thompson,lillian.thompson.343@example.com,female,True,2,True,20,Artist,90,82,90,88,81,78,84
344,Nathan,Garcia,nathan.garcia.344@example.com,male,False,3,True,25,Researcher,88,81,90,89,84,78,82
345,Oliver,Johnson,oliver.johnson.345@example.com,male,True,4,False,30,Doctor,90,85,89,88,82,79,83
346,Mia,Smith,mia.smith.346@example.com,female,False,1,True,25,Pharmacist,84,78,88,90,81,80,82
347,Ethan,Martinez,ethan.martinez.347@example.com,male,True,2,True,20,Artist,90,82,88,89,83,79,83
348,Sophia,Clark,sophia.clark.348@example.com,female,False,3,True,25,Researcher,88,80,90,89,82,78,84
349,Lillian,Adams,lillian.adams.349@example.com,female,True,4,False,30,Doctor,90,87,88,88,81,80,84
350,Nathan,Brown,nathan.brown.350@example.com,male,False,1,True,25,Pharmacist,85,82,88,90,82,81,82
351,Oliver,Thompson,oliver.thompson.351@example.com,male,True,2,True,20,Artist,90,84,90,88,82,78,83
352,Mia,Smith,mia.smith.352@example.com,female,False,3,True,25,Researcher,88,81,88,89,81,79,83
353,Ethan,Gonzalez,ethan.gonzalez.353@example.com,male,True,4,False,30,Doctor,90,86,89,88,83,80,84
354,Sophia,Martinez,sophia.martinez.354@example.com,female,False,1,True,25,Pharmacist,84,79,88,90,82,81,83
355,Lillian,Garcia,lillian.garcia.355@example.com,female,True,2,True,20,Artist,90,82,90,89,81,80,84
356,Nathan,Brown,nathan.brown.356@example.com,male,False,3,True,25,Researcher,86,81,88,90,82,79,84
357,Oliver,Smith,oliver.smith.357@example.com,male,True,4,False,30,Doctor,90,87,89,88,83,78,82
358,Mia,Thompson,mia.thompson.358@example.com,female,False,1,True,25,Pharmacist,85,80,88,89,84,81,83
359,Ethan,Wright,ethan.wright.359@example.com,male,True,2,True,20,Artist,90,83,90,88,82,79,83
360,Sophia,Brown,sophia.brown.360@example.com,female,False,3,True,25,Researcher,88,80,89,88,81,78,84
361,Lillian,Garcia,lillian.garcia.361@example.com,female,True,4,False,30,Doctor,90,84,89,88,82,80,84
362,Nathan,Lee,nathan.lee.362@example.com,male,False,1,True,25,Pharmacist,85,79,88,90,81,80,81
363,Oliver,Thompson,oliver.thompson.363@example.com,male,True,2,True,20,Artist,90,82,90,88,82,79,83
364,Mia,Johnson,mia.johnson.364@example.com,female,False,3,True,25,Researcher,88,82,88,89,81,79,84
365,Ethan,Brown,ethan.brown.365@example.com,male,True,4,False,30,Doctor,90,86,89,88,83,80,84
366,Sophia,Garcia,sophia.garcia.366@example.com,female,False,1,True,25,Pharmacist,84,78,88,90,82,81,83
367,Lillian,Smith,lillian.smith.367@example.com,female,True,2,True,20,Artist,90,81,90,88,81,80,84
368,Nathan,Martinez,nathan.martinez.368@example.com,male,False,3,True,25,Researcher,88,82,88,89,84,78,82
369,Oliver,Williams,oliver.williams.369@example.com,male,True,4,False,30,Doctor,90,85,89,88,82,79,84
370,Mia,Brown,mia.brown.370@example.com,female,False,1,True,25,Pharmacist,85,82,88,90,81,80,81
371,Ethan,Thompson,ethan.thompson.371@example.com,male,True,2,True,20,Artist,90,84,90,88,83,78,83
372,Sophia,Johnson,sophia.johnson.372@example.com,female,False,3,True,25,Researcher,88,80,89,88,81,79,84
373,Lillian,Adams,lillian.adams.373@example.com,female,True,4,False,30,Doctor,90,86,89,88,84,80,84
374,Nathan,Lee,nathan.lee.374@example.com,male,False,1,True,25,Pharmacist,84,79,88,90,82,81,82
375,Oliver,Gonzalez,oliver.gonzalez.375@example.com,male,True,2,True,20,Artist,90,82,90,88,81,78,82
376,Mia,Brown,mia.brown.376@example.com,female,False,3,True,25,Researcher,88,81,88,89,81,79,83
377,Ethan,Martinez,ethan.martinez.377@example.com,male,True,4,False,30,Doctor,90,85,89,88,82,80,84
378,Sophia,Thompson,sophia.thompson.378@example.com,female,False,1,True,25,Pharmacist,85,78,88,90,84,81,83
379,Lillian,Garcia,lillian.garcia.379@example.com,female,True,2,True,20,Artist,90,82,90,89,83,79,84
380,Nathan,Smith,nathan.smith.380@example.com,male,False,3,True,25,Researcher,88,80,88,89,82,80,81
381,Oliver,Johnson,oliver.johnson.381@example.com,male,True,4,False,30,Doctor,90,87,89,88,81,79,84
382,Mia,Brown,mia.brown.382@example.com,female,False,1,True,25,Pharmacist,84,78,88,90,82,81,82
383,Ethan,Adams,ethan.adams.383@example.com,male,True,2,True,20,Artist,90,82,88,88,84,79,83
384,Sophia,Martinez,sophia.martinez.384@example.com,female,False,3,True,25,Researcher,88,82,90,88,81,78,82
385,Lillian,Brown,lillian.brown.385@example.com,female,True,4,False,30,Doctor,90,85,89,88,82,80,84
386,Nathan,Gonzalez,nathan.gonzalez.386@example.com,male,False,1,True,25,Pharmacist,85,79,88,90,83,81,82
387,Oliver,Thompson,oliver.thompson.387@example.com,male,True,2,True,20,Artist,90,82,90,88,81,78,84
388,Mia,Garcia,mia.garcia.388@example.com,female,False,3,True,25,Researcher,88,80,88,89,81,79,83
389,Ethan,Smith,ethan.smith.389@example.com,male,True,4,False,30,Doctor,90,86,89,88,82,80,84
390,Sophia,Johnson,sophia.johnson.390@example.com,female,False,1,True,25,Pharmacist,84,78,88,90,82,81,83
391,Lillian,Martinez,lillian.martinez.391@example.com,female,True,2,True,20,Artist,90,81,88,89,83,78,82
392,Nathan,Brown,nathan.brown.392@example.com,male,False,3,True,25,Researcher,88,82,90,88,84,79,83
393,Oliver,Lee,oliver.lee.393@example.com,male,True,4,False,30,Doctor,90,85,89,88,82,80,84
394,Mia,Garcia,mia.garcia.394@example.com,female,False,1,True,25,Pharmacist,85,80,88,90,81,81,82
395,Ethan,Wright,ethan.wright.395@example.com,male,True,2,True,20,Artist,90,83,90,88,83,79,83
396,Sophia,Brown,sophia.brown.396@example.com,female,False,3,True,25,Researcher,88,80,89,89,81,78,84
397,Lillian,Garcia,lillian.garcia.397@example.com,female,True,4,False,30,Doctor,90,86,89,88,84,80,84
398,Nathan,Thompson,nathan.thompson.398@example.com,male,False,1,True,25,Pharmacist,84,79,88,90,82,81,82
399,Oliver,Johnson,oliver.johnson.399@example.com,male,True,2,True,20,Artist,90,82,90,88,81,78,84
400,Mia,Smith,mia.smith.400@example.com,female,False,3,True,25,Researcher,88,81,88,89,82,79,83
401,Ethan,Brown,ethan.brown.401@example.com,male,True,4,False,30,Doctor,90,86,89,88,81,80,84
402,Sophia,Adams,sophia.adams.402@example.com,female,False,1,True,25,Pharmacist,85,80,88,90,82,81,82
403,Lillian,Martinez,lillian.martinez.403@example.com,female,True,2,True,20,Artist,90,82,90,88,81,78,84
404,Nathan,Garcia,nathan.garcia.404@example.com,male,False,3,True,25,Researcher,88,82,88,89,83,79,83
405,Oliver,Thompson,oliver.thompson.405@example.com,male,True,4,False,30,Doctor,90,87,89,88,82,80,84
406,Mia,Johnson,mia.johnson.406@example.com,female,False,1,True,25,Pharmacist,84,79,88,90,81,80,81
407,Ethan,Martinez,ethan.martinez.407@example.com,male,True,2,True,20,Artist,90,82,90,88,84,79,83
408,Sophia,Lee,sophia.lee.408@example.com,female,False,3,True,25,Researcher,88,80,89,88,81,78,84
409,Lillian,Wright,lillian.wright.409@example.com,female,True,4,False,30,Doctor,90,85,89,88,82,80,84
410,Nathan,Brown,nathan.brown.410@example.com,male,False,1,True,25,Pharmacist,85,82,88,90,83,81,82
411,Oliver,Garcia,oliver.garcia.411@example.com,male,True,2,True,20,Artist,90,82,90,88,81,78,82
412,Mia,Smith,mia.smith.412@example.com,female,False,3,True,25,Researcher,88,81,88,89,82,79,83
413,Ethan,Martinez,ethan.martinez.413@example.com,male,True,4,False,30,Doctor,90,86,89,88,81,80,84
414,Sophia,Adams,sophia.adams.414@example.com,female,False,1,True,25,Pharmacist,84,78,88,90,82,81,83
415,Lillian,Brown,lillian.brown.415@example.com,female,True,2,True,20,Artist,90,81,90,88,83,79,84
416,Nathan,Smith,nathan.smith.416@example.com,male,False,3,True,25,Researcher,88,82,88,89,84,79,83
417,Oliver,Johnson,oliver.johnson.417@example.com,male,True,4,False,30,Doctor,90,85,89,88,82,78,84
418,Mia,Martinez,mia.martinez.418@example.com,female,False,1,True,25,Pharmacist,85,80,88,90,81,81,82
419,Ethan,Garcia,ethan.garcia.419@example.com,male,True,2,True,20,Artist,90,82,90,88,82,79,83
420,Sophia,Wright,sophia.wright.420@example.com,female,False,3,True,25,Researcher,88,81,88,89,81,78,84
421,Lillian,Brown,lillian.brown.421@example.com,female,True,4,False,30,Doctor,90,86,89,88,84,80,84
422,Nathan,Lee,nathan.lee.422@example.com,male,False,1,True,25,Pharmacist,84,79,88,90,82,81,82
423,Oliver,Gonzalez,oliver.gonzalez.423@example.com,male,True,2,True,20,Artist,90,82,90,88,81,78,84
424,Mia,Thompson,mia.thompson.424@example.com,female,False,3,True,25,Researcher,88,80,88,89,82,79,83
425,Ethan,Adams,ethan.adams.425@example.com,male,True,4,False,30,Doctor,90,85,89,88,81,80,84
426,Sophia,Garcia,sophia.garcia.426@example.com,female,False,1,True,25,Pharmacist,85,80,88,90,82,81,82
427,Lillian,Martinez,lillian.martinez.427@example.com,female,True,2,True,20,Artist,90,81,90,88,81,79,83
428,Nathan,Smith,nathan.smith.428@example.com,male,False,3,True,25,Researcher,88,82,88,89,83,79,84
429,Oliver,Johnson,oliver.johnson.429@example.com,male,True,4,False,30,Doctor,90,86,89,88,82,80,84
430,Mia,Lee,mia.lee.430@example.com,female,False,1,True,25,Pharmacist,84,78,88,90,81,80,81
431,Ethan,Martinez,ethan.martinez.431@example.com,male,True,2,True,20,Artist,90,82,90,88,82,79,83
432,Sophia,Wright,sophia.wright.432@example.com,female,False,3,True,25,Researcher,88,81,88,89,81,78,84
433,Lillian,Brown,lillian.brown.433@example.com,female,True,4,False,30,Doctor,90,85,89,88,84,80,84
434,Nathan,Thompson,nathan.thompson.434@example.com,male,False,1,True,25,Pharmacist,85,80,88,90,82,81,82
435,Oliver,Garcia,oliver.garcia.435@example.com,male,True,2,True,20,Artist,90,82,90,88,81,78,84
436,Mia,Adams,mia.adams.436@example.com,female,False,3,True,25,Researcher,88,80,88,89,82,79,83
437,Ethan,Johnson,ethan.johnson.437@example.com,male,True,4,False,30,Doctor,90,86,89,88,81,80,84
438,Sophia,Martinez,sophia.martinez.438@example.com,female,False,1,True,25,Pharmacist,84,79,88,90,82,81,83
439,Lillian,Lee,lillian.lee.439@example.com,female,True,2,True,20,Artist,90,82,90,88,81,78,84
440,Nathan,Gonzalez,nathan.gonzalez.440@example.com,male,False,3,True,25,Researcher,88,82,88,89,84,79,83
441,Oliver,Thompson,oliver.thompson.441@example.com,male,True,4,False,30,Doctor,90,85,89,88,82,79,84
442,Mia,Brown,mia.brown.442@example.com,female,False,1,True,25,Pharmacist,85,82,88,90,81,80,82
443,Ethan,Martinez,ethan.martinez.443@example.com,male,True,2,True,20,Artist,90,81,90,88,82,79,83
444,Sophia,Smith,sophia.smith.444@example.com,female,False,3,True,25,Researcher,88,80,89,88,81,78,84
445,Lillian,Adams,lillian.adams.445@example.com,female,True,4,False,30,Doctor,90,87,89,88,84,80,84
446,Nathan,Lee,nathan.lee.446@example.com,male,False,1,True,25,Pharmacist,84,78,88,90,82,81,82
447,Oliver,Gonzalez,oliver.gonzalez.447@example.com,male,True,2,True,20,Artist,90,82,90,88,81,78,84
448,Mia,Smith,mia.smith.448@example.com,female,False,3,True,25,Researcher,88,81,88,89,82,79,83
449,Ethan,Brown,ethan.brown.449@example.com,male,True,4,False,30,Doctor,90,86,89,88,81,80,84
450,Sophia,Johnson,sophia.johnson.450@example.com,female,False,1,True,25,Pharmacist,85,80,88,90,82,81,82
451,Lillian,Garcia,lillian.garcia.451@example.com,female,True,2,True,20,Artist,90,82,90,88,81,78,84
452,Nathan,Martinez,nathan.martinez.452@example.com,male,False,3,True,25,Researcher,88,82,88,89,83,79,83
453,Oliver,Thompson,oliver.thompson.453@example.com,male,True,4,False,30,Doctor,90,85,89,88,82,80,84
454,Mia,Brown,mia.brown.454@example.com,female,False,1,True,25,Pharmacist,84,78,88,90,81,80,81
455,Ethan,Johnson,ethan.johnson.455@example.com,male,True,2,True,20,Artist,90,82,90,88,82,79,83
456,Sophia,Adams,sophia.adams.456@example.com,female,False,3,True,25,Researcher,88,80,89,88,81,78,84
457,Lillian,Smith,lillian.smith.457@example.com,female,True,4,False,30,Doctor,90,86,89,88,84,80,84
458,Nathan,Lee,nathan.lee.458@example.com,male,False,1,True,25,Pharmacist,85,80,88,90,82,81,82
459,Oliver,Garcia,oliver.garcia.459@example.com,male,True,2,True,20,Artist,90,82,90,88,81,78,84
460,Mia,Martinez,mia.martinez.460@example.com,female,False,3,True,25,Researcher,88,81,88,89,82,79,83
461,Ethan,Wright,ethan.wright.461@example.com,male,True,4,False,30,Doctor,90,85,89,88,81,80,84
462,Sophia,Brown,sophia.brown.462@example.com,female,False,1,True,25,Pharmacist,84,79,88,90,82,81,83
463,Lillian,Thompson,lillian.thompson.463@example.com,female,True,2,True,20,Artist,90,81,90,88,81,79,84
464,Nathan,Gonzalez,nathan.gonzalez.464@example.com,male,False,3,True,25,Researcher,88,82,88,89,83,79,83
465,Oliver,Johnson,oliver.johnson.465@example.com,male,True,4,False,30,Doctor,90,86,89,88,82,80,84
466,Mia,Adams,mia.adams.466@example.com,female,False,1,True,25,Pharmacist,85,80,88,90,81,81,82
467,Ethan,Martinez,ethan.martinez.467@example.com,male,True,2,True,20,Artist,90,82,90,88,82,79,83
468,Sophia,Smith,sophia.smith.468@example.com,female,False,3,True,25,Researcher,88,80,89,88,81,78,84
469,Lillian,Garcia,lillian.garcia.469@example.com,female,True,4,False,30,Doctor,90,87,89,88,84,80,84
470,Nathan,Brown,nathan.brown.470@example.com,male,False,1,True,25,Pharmacist,84,78,88,90,82,81,82
471,Oliver,Martinez,oliver.martinez.471@example.com,male,True,2,True,20,Artist,90,82,90,88,81,78,84
472,Mia,Thompson,mia.thompson.472@example.com,female,False,3,True,25,Researcher,88,81,88,89,82,79,83
473,Ethan,Wright,ethan.wright.473@example.com,male,True,4,False,30,Doctor,90,86,89,88,81,80,84
474,Sophia,Lee,sophia.lee.474@example.com,female,False,1,True,25,Pharmacist,85,80,88,90,82,81,82
475,Lillian,Johnson,lillian.johnson.475@example.com,female,True,2,True,20,Artist,90,82,90,88,81,78,84
476,Nathan,Gonzalez,nathan.gonzalez.476@example.com,male,False,3,True,25,Researcher,88,82,88,89,83,79,83
477,Oliver,Smith,oliver.smith.477@example.com,male,True,4,False,30,Doctor,90,85,89,88,82,79,84
478,Mia,Brown,mia.brown.478@example.com,female,False,1,True,25,Pharmacist,84,78,88,90,81,80,81
479,Ethan,Garcia,ethan.garcia.479@example.com,male,True,2,True,20,Artist,90,82,90,88,82,79,83
480,Sophia,Martinez,sophia.martinez.480@example.com,female,False,3,True,25,Researcher,88,80,89,88,81,78,84
481,Lillian,Thompson,lillian.thompson.481@example.com,female,True,4,False,30,Doctor,90,86,89,88,84,80,84
482,Nathan,Adams,nathan.adams.482@example.com,male,False,1,True,25,Pharmacist,85,79,88,90,82,81,82
483,Oliver,Brown,oliver.brown.483@example.com,male,True,2,True,20,Artist,90,82,90,88,81,78,84
484,Mia,Lee,mia.lee.484@example.com,female,False,3,True,25,Researcher,88,81,88,89,82,79,83
485,Ethan,Johnson,ethan.johnson.485@example.com,male,True,4,False,30,Doctor,90,86,89,88,81,80,84
486,Sophia,Gonzalez,sophia.gonzalez.486@example.com,female,False,1,True,25,Pharmacist,84,79,88,90,82,81,82
487,Lillian,Martinez,lillian.martinez.487@example.com,female,True,2,True,20,Artist,90,81,90,88,83,79,84
488,Nathan,Smith,nathan.smith.488@example.com,male,False,3,True,25,Researcher,88,82,88,89,83,79,83
489,Oliver,Johnson,oliver.johnson.489@example.com,male,True,4,False,30,Doctor,90,85,89,88,82,79,84
490,Mia,Adams,mia.adams.490@example.com,female,False,1,True,25,Pharmacist,85,80,88,90,81,81,82
491,Ethan,Martinez,ethan.martinez.491@example.com,male,True,2,True,20,Artist,90,82,90,88,82,79,83
492,Sophia,Smith,sophia.smith.492@example.com,female,False,3,True,25,Researcher,88,80,89,88,81,78,84
493,Lillian,Garcia,lillian.garcia.493@example.com,female,True,4,False,30,Doctor,90,87,89,88,84,80,84
494,Nathan,Brown,nathan.brown.494@example.com,male,False,1,True,25,Pharmacist,84,78,88,90,82,81,82
495,Oliver,Martinez,oliver.martinez.495@example.com,male,True,2,True,20,Artist,90,82,90,88,81,78,84
496,Mia,Thompson,mia.thompson.496@example.com,female,False,3,True,25,Researcher,88,81,88,89,82,79,83
497,Ethan,Wright,ethan.wright.497@example.com,male,True,4,False,30,Doctor,90,86,89,88,81,80,84
498,Sophia,Lee,sophia.lee.498@example.com,female,False,1,True,25,Pharmacist,85,80,88,90,82,81,82
499,Lillian,Johnson,lillian.johnson.499@example.com,female,True,2,True,20,Artist,90,82,90,88,81,78,84
500,Nathan,Gonzalez,nathan.gonzalez.500@example.com,male,False,3,True,25,Researcher,88,82,88,89,83,79,83
501,Liam,Smith,liam.smith.501@example.com,male,False,2,False,30,Doctor,90,80,85,87,82,84,78
502,Ava,Johnson,ava.johnson.502@example.com,female,True,3,True,20,Artist,75,78,76,74,72,80,82
503,Noah,Lee,noah.lee.503@example.com,male,False,5,False,10,Teacher,65,60,62,68,70,72,71
504,Sophia,Taylor,sophia.taylor.504@example.com,female,True,7,True,25,Scientist,85,88,90,86,84,82,81
505,Oliver,Martinez,oliver.martinez.505@example.com,male,False,10,False,15,Nurse,50,55,58,62,65,60,58
506,Isabella,Garcia,isabella.garcia.506@example.com,female,True,1,True,40,Designer,92,91,93,94,90,89,88
507,Elijah,Walker,elijah.walker.507@example.com,male,False,0,True,32,Developer,99,95,96,97,98,94,93
508,Mia,Anderson,mia.anderson.508@example.com,female,True,4,False,28,Chef,78,80,82,76,74,72,70
509,James,Thomas,james.thomas.509@example.com,male,False,2,True,15,Entrepreneur,85,86,87,84,88,90,92
510,Chloe,Hernandez,chloe.hernandez.510@example.com,female,True,6,True,20,Scientist,88,90,89,85,87,86,84
511,William,Lopez,william.lopez.511@example.com,male,False,8,False,18,Lawyer,62,65,68,70,67,64,63
512,Grace,White,grace.white.512@example.com,female,True,3,True,22,Artist,90,92,93,94,91,90,89
513,Ethan,King,ethan.king.513@example.com,male,False,1,True,30,Doctor,95,94,92,93,91,89,88
514,Zoe,Scott,zoe.scott.514@example.com,female,True,5,False,10,Teacher,58,60,62,64,66,68,70
515,Lucas,Allen,lucas.allen.515@example.com,male,False,9,True,25,Engineer,80,82,84,85,83,81,79
516,Jackson,Wright,jackson.wright.516@example.com,male,False,0,True,35,Scientist,92,94,90,88,86,84,82
517,Samantha,Adams,samantha.adams.517@example.com,female,True,4,True,20,Designer,75,78,76,74,72,70,68
518,Henry,Roberts,henry.roberts.518@example.com,male,False,5,True,30,Nurse,80,82,84,85,83,81,80
519,Aiden,Brown,aiden.brown.519@example.com,male,True,1,True,20,Entrepreneur,90,92,91,89,88,87,86
520,Layla,Garcia,layla.garcia.520@example.com,female,False,5,True,30,Artist,70,72,74,76,78,80,82
521,Sophia,Young,sophia.young.521@example.com,female,True,6,True,25,Designer,88,86,84,83,82,80,79
522,Mason,Hall,mason.hall.522@example.com,male,False,3,False,15,Doctor,66,64,62,68,70,72,74
523,Emily,Martin,emily.martin.523@example.com,female,True,2,True,18,Scientist,84,83,82,81,80,79,78
524,Dylan,Lee,dylan.lee.524@example.com,male,False,8,False,12,Nurse,70,68,66,65,64,62,60
525,Chloe,Adams,chloe.adams.525@example.com,female,True,0,True,40,Artist,92,90,88,87,85,84,83
526,Isaac,Clark,isaac.clark.526@example.com,male,False,1,True,30,Engineer,80,82,81,80,79,78,77
527,Zoe,Garcia,zoe.garcia.527@example.com,female,True,5,False,10,Teacher,58,57,60,62,63,61,59
528,Oliver,Young,oliver.young.528@example.com,male,False,4,True,15,Doctor,90,89,88,87,86,85,84
529,Chloe,Wright,chloe.wright.529@example.com,female,True,3,True,22,Entrepreneur,88,90,92,94,96,95,93
530,Evelyn,Martinez,evelyn.martinez.530@example.com,female,False,7,False,20,Scientist,70,72,74,76,78,80,82
531,Leo,King,leo.king.531@example.com,male,True,2,True,25,Designer,95,94,93,92,91,90,89
532,Amelia,Roberts,amelia.roberts.532@example.com,female,False,10,True,15,Teacher,75,77,76,75,74,73,72
533,Henry,Adams,henry.adams.533@example.com,male,True,1,True,30,Engineer,82,84,86,88,90,92,94
534,Scarlett,Thompson,scarlett.thompson.534@example.com,female,False,3,False,20,Nurse,68,70,72,74,76,78,80
535,Lucas,Hall,lucas.hall.535@example.com,male,True,5,True,10,Artist,60,62,64,66,68,70,72
536,Aiden,Clark,aiden.clark.536@example.com,male,False,8,True,15,Scientist,55,57,59,60,62,64,66
537,Sophie,Johnson,sophie.johnson.537@example.com,female,True,0,True,40,Designer,90,92,91,89,88,86,84
538,Jacob,Martinez,jacob.martinez.538@example.com,male,False,2,False,20,Entrepreneur,70,72,74,76,78,80,82
539,Emma,Garcia,emma.garcia.539@example.com,female,True,4,True,30,Chef,88,86,84,82,80,78,76
540,Nathan,Brown,nathan.brown.540@example.com,male,False,6,False,18,Teacher,75,78,76,74,72,70,68
541,Ava,Hernandez,ava.hernandez.541@example.com,female,True,1,True,25,Scientist,80,82,81,83,85,87,89
542,Leo,Lopez,leo.lopez.542@example.com,male,False,3,True,20,Doctor,95,90,88,87,85,84,83
543,Zara,Young,zara.young.543@example.com,female,True,5,False,10,Designer,60,62,64,66,68,70,72
544,Carter,King,carter.king.544@example.com,male,False,4,True,12,Chef,85,87,90,88,86,84,82
545,Sophia,Adams,sophia.adams.545@example.com,female,True,2,True,20,Nurse,78,80,82,84,86,88,90
546,James,Lee,james.lee.546@example.com,male,False,8,False,15,Engineer,70,72,74,76,78,80,82
547,Isabella,Martinez,isabella.martinez.547@example.com,female,True,0,True,35,Artist,95,94,93,92,91,90,89
548,Liam,Wilson,liam.wilson.548@example.com,male,False,2,True,28,Scientist,88,86,84,82,80,78,76
549,Henry,Scott,henry.scott.549@example.com,male,True,3,False,20,Designer,75,78,80,82,84,86,88
550,Natalie,Brown,natalie.brown.550@example.com,female,False,1,True,30,Doctor,90,92,94,96,98,97,96
551,Oliver,Johnson,oliver.johnson.551@example.com,male,False,4,True,15,Engineer,85,82,80,78,76,74,72
552,Sophia,Brown,sophia.brown.552@example.com,female,True,0,True,30,Scientist,95,93,91,90,88,86,84
553,Liam,Garcia,liam.garcia.553@example.com,male,False,5,False,20,Teacher,60,62,64,66,68,70,72
554,Chloe,Williams,chloe.williams.554@example.com,female,True,2,True,22,Artist,88,86,84,82,80,78,76
555,Ethan,Martinez,ethan.martinez.555@example.com,male,False,6,True,25,Nurse,78,80,82,84,86,88,90
556,Mia,Moore,mia.moore.556@example.com,female,True,3,False,18,Designer,70,72,74,76,78,80,82
557,Jacob,Wilson,jacob.wilson.557@example.com,male,False,1,True,35,Doctor,90,92,94,96,98,97,96
558,Amelia,Lee,amelia.lee.558@example.com,female,True,4,True,20,Scientist,85,88,90,87,86,85,84
559,Daniel,Clark,daniel.clark.559@example.com,male,False,7,False,15,Chef,55,58,60,62,64,66,68
560,Zoe,Hall,zoe.hall.560@example.com,female,True,2,True,28,Teacher,90,92,94,93,91,90,89
561,Sophia,Young,sophia.young.561@example.com,female,False,8,False,10,Engineer,60,62,64,66,68,70,72
562,Jackson,Martinez,jackson.martinez.562@example.com,male,True,0,True,40,Designer,95,94,93,92,90,89,88
563,Evelyn,White,evelyn.white.563@example.com,female,False,3,True,25,Nurse,82,84,86,88,90,92,94
564,Oliver,Thompson,oliver.thompson.564@example.com,male,True,5,True,20,Doctor,75,77,76,74,72,70,68
565,Liam,Scott,liam.scott.565@example.com,male,False,2,False,12,Entrepreneur,88,86,84,82,80,78,76
566,Sophia,Roberts,sophia.roberts.566@example.com,female,True,1,True,30,Artist,90,92,91,89,88,87,86
567,Noah,Garcia,noah.garcia.567@example.com,male,False,4,True,18,Teacher,62,64,66,68,70,72,74
568,Aiden,Hernandez,aiden.hernandez.568@example.com,male,True,6,False,20,Scientist,78,80,82,84,86,88,90
569,Isabella,Johnson,isabella.johnson.569@example.com,female,False,2,True,25,Designer,85,87,89,91,93,95,96
570,Mason,Williams,mason.williams.570@example.com,male,True,0,True,35,Nurse,90,92,94,93,91,89,88
571,Layla,King,layla.king.571@example.com,female,False,3,False,10,Chef,55,58,60,62,64,66,68
572,Lucas,Adams,lucas.adams.572@example.com,male,True,5,True,20,Entrepreneur,80,82,84,86,88,90,92
573,Sophia,Martinez,sophia.martinez.573@example.com,female,False,1,True,28,Scientist,88,90,89,88,87,86,85
574,Henry,Brown,henry.brown.574@example.com,male,True,7,False,15,Artist,70,72,74,76,78,80,82
575,Emily,Smith,emily.smith.575@example.com,female,False,8,True,30,Doctor,90,91,92,93,94,93,92
576,Aiden,Wilson,aiden.wilson.576@example.com,male,True,2,True,20,Designer,85,87,89,91,93,95,97
577,Liam,Taylor,liam.taylor.577@example.com,male,False,6,False,18,Teacher,60,62,64,66,68,70,72
578,Zara,Johnson,zara.johnson.578@example.com,female,True,0,True,40,Nurse,95,94,93,92,91,90,89
579,Jackson,Martinez,jackson.martinez.579@example.com,male,False,3,False,25,Chef,78,76,75,74,73,72,71
580,Amelia,Wright,amelia.wright.580@example.com,female,True,5,True,30,Scientist,82,84,86,88,90,92,94
581,Layla,Scott,layla.scott.581@example.com,female,False,1,True,35,Artist,90,92,94,96,98,96,94
582,Noah,Brown,noah.brown.582@example.com,male,True,4,True,20,Doctor,75,77,76,74,72,70,68
583,Isabella,Hernandez,isabella.hernandez.583@example.com,female,False,6,False,15,Nurse,80,82,84,86,88,90,92
584,Liam,Adams,liam.adams.584@example.com,male,True,3,True,20,Entrepreneur,88,86,84,82,80,78,76
585,Sophia,Young,sophia.young.585@example.com,female,False,0,True,28,Scientist,90,92,94,93,91,89,88
586,Henry,Roberts,henry.roberts.586@example.com,male,True,2,True,30,Artist,85,87,89,91,93,95,97
587,Aiden,Wright,aiden.wright.587@example.com,male,False,4,False,20,Teacher,68,70,72,74,76,78,80
588,Chloe,Brown,chloe.brown.588@example.com,female,True,5,True,15,Doctor,90,91,92,93,94,95,96
589,Lucas,Johnson,lucas.johnson.589@example.com,male,False,3,False,12,Designer,60,62,64,66,68,70,72
590,Sophia,Garcia,sophia.garcia.590@example.com,female,True,1,True,30,Entrepreneur,88,86,84,82,80,78,76
591,Oliver,Harris,oliver.harris.591@example.com,male,False,2,True,25,Scientist,82,80,78,76,74,72,70
592,Chloe,Roberts,chloe.roberts.592@example.com,female,True,1,True,35,Engineer,95,92,90,88,86,84,82
593,Ethan,Clark,ethan.clark.593@example.com,male,False,3,False,20,Teacher,70,68,66,64,62,60,58
594,Sophia,Lopez,sophia.lopez.594@example.com,female,True,4,True,30,Artist,88,86,84,82,80,78,76
595,Lucas,Smith,lucas.smith.595@example.com,male,False,5,False,10,Doctor,75,74,73,72,70,68,66
596,Mia,Young,mia.young.596@example.com,female,True,0,True,40,Scientist,90,92,94,96,98,97,96
597,Aiden,Thompson,aiden.thompson.597@example.com,male,False,6,False,15,Nurse,60,62,64,66,68,70,72
598,Layla,Adams,layla.adams.598@example.com,female,True,2,True,25,Designer,85,84,83,82,81,80,79
599,Noah,Martin,noah.martin.599@example.com,male,False,1,True,30,Chef,88,87,86,85,84,83,82
600,Sophia,Jackson,sophia.jackson.600@example.com,female,True,5,True,20,Teacher,92,90,89,88,87,86,85
601,James,Roberts,james.roberts.601@example.com,male,False,3,True,12,Engineer,70,68,66,64,62,60,58
602,Emma,White,emma.white.602@example.com,female,True,0,True,35,Scientist,95,93,91,90,88,86,84
603,Henry,Wilson,henry.wilson.603@example.com,male,False,4,False,20,Doctor,80,82,84,86,88,90,92
604,Chloe,Clark,chloe.clark.604@example.com,female,True,1,True,28,Designer,90,88,86,84,82,80,78
605,Oliver,Hernandez,oliver.hernandez.605@example.com,male,False,5,False,18,Chef,75,74,73,72,71,70,69
606,Zoe,Garcia,zoe.garcia.606@example.com,female,True,3,True,30,Artist,92,90,88,86,84,82,80
607,Isabella,Hall,isabella.hall.607@example.com,female,False,8,False,15,Teacher,68,70,72,74,76,78,80
608,Ethan,Moore,ethan.moore.608@example.com,male,True,0,True,40,Nurse,95,93,91,90,88,86,84
609,Mia,Brown,mia.brown.609@example.com,female,False,2,True,25,Scientist,80,82,84,86,88,90,92
610,Liam,Lopez,liam.lopez.610@example.com,male,True,6,False,20,Doctor,60,62,64,66,68,70,72
611,Ava,Adams,ava.adams.611@example.com,female,False,3,True,15,Designer,90,92,94,93,91,89,88
612,Jackson,Young,jackson.young.612@example.com,male,True,1,True,30,Chef,88,86,84,82,80,78,76
613,Sophia,Roberts,sophia.roberts.613@example.com,female,False,5,True,20,Teacher,75,78,76,74,72,70,68
614,Ethan,Clark,ethan.clark.614@example.com,male,True,0,True,35,Scientist,90,91,92,93,94,95,96
615,Chloe,Martinez,chloe.martinez.615@example.com,female,False,3,False,12,Doctor,65,67,69,71,73,75,77
616,Layla,Thompson,layla.thompson.616@example.com,female,True,4,True,30,Artist,80,82,84,86,88,90,92
617,Noah,Lee,noah.lee.617@example.com,male,False,1,True,25,Designer,88,86,84,82,80,78,76
618,Lucas,Adams,lucas.adams.618@example.com,male,True,5,True,20,Entrepreneur,85,84,83,82,81,80,79
619,Zoe,Smith,zoe.smith.619@example.com,female,False,2,False,15,Nurse,70,72,74,76,78,80,82
620,Isabella,Brown,isabella.brown.620@example.com,female,True,0,True,35,Scientist,90,92,94,96,98,96,94
621,Henry,Johnson,henry.johnson.621@example.com,male,False,3,True,18,Doctor,75,74,73,72,70,68,66
622,Ava,Wilson,ava.wilson.622@example.com,female,True,1,True,30,Chef,88,86,84,82,80,78,76
623,Sophia,Martinez,sophia.martinez.623@example.com,female,False,5,False,20,Teacher,90,91,92,93,94,95,96
624,Ethan,Garcia,ethan.garcia.624@example.com,male,True,2,True,25,Scientist,85,84,83,82,81,80,79
625,Chloe,Scott,chloe.scott.625@example.com,female,False,4,True,22,Designer,70,72,74,76,78,80,82
626,Noah,Roberts,noah.roberts.626@example.com,male,True,0,True,40,Nurse,92,90,88,86,84,82,80
627,Liam,Clark,liam.clark.627@example.com,male,False,6,False,15,Doctor,60,62,64,66,68,70,72
628,Mia,Hernandez,mia.hernandez.628@example.com,female,True,1,True,30,Artist,88,87,86,85,84,83,82
629,Aiden,Brown,aiden.brown.629@example.com,male,False,3,False,20,Scientist,78,80,82,84,86,88,90
630,Sophia,Adams,sophia.adams.630@example.com,female,True,5,True,20,Entrepreneur,85,84,83,82,81,80,79
631,Lucas,Taylor,lucas.taylor.631@example.com,male,False,2,True,22,Chef,70,72,74,76,78,80,82
632,Oliver,Lopez,oliver.lopez.632@example.com,male,True,4,False,18,Doctor,90,92,94,93,91,89,88
633,Layla,Smith,layla.smith.633@example.com,female,False,1,True,30,Scientist,82,80,78,76,74,72,70
634,Isabella,Johnson,isabella.johnson.634@example.com,female,True,3,True,25,Designer,88,86,84,82,80,78,76
635,Ethan,Martinez,ethan.martinez.635@example.com,male,False,5,False,15,Nurse,65,67,69,71,73,75,77
636,Sophia,Brown,sophia.brown.636@example.com,female,True,2,True,35,Artist,90,92,94,96,98,96,94
637,Aiden,Wilson,aiden.wilson.637@example.com,male,False,6,False,20,Teacher,70,72,74,76,78,80,82
638,Chloe,Lee,chloe.lee.638@example.com,female,True,0,True,40,Chef,92,90,88,86,84,82,80
639,Lucas,King,lucas.king.639@example.com,male,False,4,True,28,Scientist,80,82,84,86,88,90,92
640,Zoe,Wright,zoe.wright.640@example.com,female,True,3,False,20,Doctor,85,84,83,82,81,80,79
641,Liam,Harris,liam.harris.641@example.com,male,False,5,True,18,Designer,88,86,84,82,80,78,76
642,Henry,Adams,henry.adams.642@example.com,male,True,2,True,25,Entrepreneur,90,92,94,93,91,89,88
643,Sophia,White,sophia.white.643@example.com,female,False,1,True,30,Nurse,78,76,75,74,73,72,71
644,Isabella,Martinez,isabella.martinez.644@example.com,female,True,4,False,15,Chef,85,84,83,82,81,80,79
645,Ethan,Moore,ethan.moore.645@example.com,male,False,3,True,20,Teacher,60,62,64,66,68,70,72
646,Mia,Garcia,mia.garcia.646@example.com,female,True,0,True,35,Scientist,90,91,92,93,94,93,92
647,Liam,Hernandez,liam.hernandez.647@example.com,male,False,5,True,20,Designer,75,77,76,74,72,70,68
648,Chloe,Scott,chloe.scott.648@example.com,female,True,1,True,30,Doctor,88,87,86,85,84,83,82
649,Aiden,Clark,aiden.clark.649@example.com,male,False,2,False,15,Nurse,70,72,74,76,78,80,82
650,Zoe,Brown,zoe.brown.650@example.com,female,True,6,True,18,Artist,90,92,94,96,98,96,94
701,Arjun,Sharma,arjun.sharma.701@example.com,male,False,8,False,5,Engineer,55,60,58,54,52,50,48
702,Nisha,Reddy,nisha.reddy.702@example.com,female,True,9,False,3,Doctor,50,52,48,45,43,41,39
703,Rohit,Bansal,rohit.bansal.703@example.com,male,False,7,True,10,Scientist,58,60,55,51,53,50,47
704,Aditi,Mehta,aditi.mehta.704@example.com,female,True,6,True,12,Artist,45,50,52,49,47,45,42
705,Vikram,Patel,vikram.patel.705@example.com,male,False,5,False,8,Chef,65,62,61,60,58,56,54
706,Simran,Gupta,simran.gupta.706@example.com,female,True,7,True,15,Teacher,48,50,49,46,45,44,43
707,Sahil,Singh,sahil.singh.707@example.com,male,False,6,False,18,Nurse,50,55,52,51,50,48,46
708,Pooja,Chopra,pooja.chopra.708@example.com,female,True,8,True,5,Designer,40,38,39,36,35,34,33
709,Arnav,Bhatia,arnav.bhatia.709@example.com,male,False,5,False,10,Scientist,60,62,64,58,56,54,53
710,Tanya,Verma,tanya.verma.710@example.com,female,True,9,True,5,Doctor,45,44,46,41,40,39,38
711,Dev,Sharma,dev.sharma.711@example.com,male,False,6,True,12,Chef,43,40,39,38,37,36,35
712,Kiara,Patel,kiara.patel.712@example.com,female,True,5,False,10,Artist,50,52,54,53,51,50,49
713,Ananya,Menon,ananya.menon.713@example.com,female,False,8,True,20,Teacher,45,49,48,46,45,44,43
714,Karan,Desai,karan.desai.714@example.com,male,True,5,False,8,Nurse,55,56,54,52,50,48,47
715,Neha,Sharma,neha.sharma.715@example.com,female,False,10,True,20,Designer,60,62,58,56,54,52,50
716,Riya,Kumar,riya.kumar.716@example.com,female,True,7,False,15,Chef,48,45,43,42,41,39,38
717,Raj,Malhotra,raj.malhotra.717@example.com,male,False,6,True,22,Scientist,52,50,48,47,45,44,42
718,Sanya,Iyer,sanya.iyer.718@example.com,female,True,8,True,10,Artist,45,44,42,41,40,39,38
719,Arnav,Rao,arnav.rao.719@example.com,male,False,9,False,5,Nurse,55,57,58,56,54,53,51
720,Diya,Bansal,diya.bansal.720@example.com,female,True,7,True,15,Teacher,40,39,38,36,35,34,33
721,Om,Sharma,om.sharma.721@example.com,male,False,8,True,20,Chef,48,46,45,43,42,41,40
722,Kriti,Thakur,kriti.thakur.722@example.com,female,True,6,False,10,Designer,50,49,48,46,45,44,42
723,Ayaan,Nair,ayaan.nair.723@example.com,male,False,7,True,18,Scientist,43,42,41,39,38,37,36
724,Sakshi,Dutta,sakshi.dutta.724@example.com,female,True,5,True,22,Doctor,60,62,58,56,54,52,50
725,Rehan,Khan,rehan.khan.725@example.com,male,False,9,False,5,Chef,50,51,53,54,55,56,57
726,Pallavi,Verma,pallavi.verma.726@example.com,female,True,6,True,20,Artist,45,44,42,41,40,39,38
727,Aditya,Bhatia,aditya.bhatia.727@example.com,male,False,10,False,8,Nurse,60,62,58,56,54,52,50
728,Nikita,Iyer,nikita.iyer.728@example.com,female,True,8,True,15,Designer,38,37,35,36,34,33,32
729,Aarav,Mishra,aarav.mishra.729@example.com,male,False,5,False,10,Scientist,55,53,50,52,51,49,48
730,Kiara,Patel,kiara.patel.730@example.com,female,True,6,True,12,Teacher,40,38,37,36,34,33,32
731,Vikrant,Sharma,vikrant.sharma.731@example.com,male,False,8,False,5,Chef,52,50,48,47,46,45,44
732,Neha,Reddy,neha.reddy.732@example.com,female,True,9,True,3,Doctor,45,42,41,40,39,38,37
733,Ayaan,Gupta,ayaan.gupta.733@example.com,male,False,7,False,20,Scientist,50,52,51,49,48,47,46
734,Dev,Malhotra,dev.malhotra.734@example.com,male,True,10,True,10,Artist,42,40,39,37,36,35,34
735,Sanya,Patel,sanya.patel.735@example.com,female,False,6,True,8,Nurse,45,46,48,44,43,41,40
736,Arjun,Rai,arjun.rai.736@example.com,male,True,5,False,12,Designer,48,49,45,44,42,41,40
737,Diya,Thakur,diya.thakur.737@example.com,female,False,8,True,20,Chef,60,58,55,54,52,51,50
738,Aarav,Iyer,aarav.iyer.738@example.com,male,True,6,False,10,Scientist,55,57,56,54,53,52,51
739,Pooja,Kumar,pooja.kumar.739@example.com,female,False,9,True,15,Artist,45,44,42,41,40,39,38
740,Om,Sharma,om.sharma.740@example.com,male,True,10,False,8,Nurse,50,52,50,48,47,45,43
741,Riya,Chopra,riya.chopra.741@example.com,female,False,7,True,22,Doctor,40,39,38,36,35,34,33
742,Reyansh,Dutta,reyansh.dutta.742@example.com,male,True,8,False,20,Scientist,60,62,58,56,54,52,50
743,Sakshi,Kumar,sakshi.kumar.743@example.com,female,False,10,True,5,Chef,55,53,50,52,51,49,48
744,Tanya,Malhotra,tanya.malhotra.744@example.com,female,True,5,True,12,Artist,45,44,42,41,40,39,38
745,Rajesh,Sharma,rajesh.sharma.745@example.com,male,False,6,False,10,Designer,42,40,39,36,34,32,30
746,Kiara,Nair,kiara.nair.746@example.com,female,True,9,True,20,Chef,38,37,35,34,33,32,31
747,Advik,Bhatia,advik.bhatia.747@example.com,male,False,8,False,8,Nurse,60,62,60,58,56,54,52
748,Ananya,Singh,ananya.singh.748@example.com,female,True,7,True,15,Artist,45,43,42,40,39,37,36
749,Devansh,Gupta,devansh.gupta.749@example.com,male,False,10,False,5,Scientist,50,52,51,49,48,47,46
750,Sanya,Thakur,sanya.thakur.750@example.com,female,True,6,True,20,Doctor,38,39,37,35,34,33,32
751,Aarav,Sharma,aarav.sharma.751@example.com,male,False,6,True,10,Engineer,60,62,61,59,57,55,53
752,Ananya,Kumar,ananya.kumar.752@example.com,female,True,7,False,8,Doctor,70,68,72,75,74,73,71
753,Rohan,Verma,rohan.verma.753@example.com,male,False,5,True,15,Scientist,55,57,56,54,52,50,48
754,Nisha,Patel,nisha.patel.754@example.com,female,True,8,False,12,Artist,45,48,46,44,42,40,39
755,Vikram,Bansal,vikram.bansal.755@example.com,male,False,9,True,20,Chef,60,62,58,56,54,52,50
756,Sakshi,Gupta,sakshi.gupta.756@example.com,female,True,6,True,10,Teacher,40,42,41,39,38,37,36
757,Dev,Sharma,dev.sharma.757@example.com,male,False,5,False,8,Nurse,68,65,64,62,60,58,57
758,Kiara,Iyer,kiara.iyer.758@example.com,female,True,7,True,15,Designer,50,52,51,49,48,46,45
759,Arnav,Chopra,arnav.chopra.759@example.com,male,False,8,False,5,Scientist,58,56,55,54,53,52,50
760,Tanya,Reddy,tanya.reddy.760@example.com,female,True,9,True,12,Doctor,45,44,42,41,40,39,38
761,Aditya,Patel,aditya.patel.761@example.com,male,False,6,True,18,Chef,60,62,61,63,65,64,66
762,Reyansh,Bhatia,reyansh.bhatia.762@example.com,male,True,5,True,20,Artist,70,72,75,74,73,71,69
763,Diya,Rai,diya.rai.763@example.com,female,False,8,False,10,Teacher,55,53,51,50,48,46,45
764,Rishabh,Gupta,rishabh.gupta.764@example.com,male,True,7,True,22,Nurse,50,48,45,44,42,40,39
765,Simran,Sharma,simran.sharma.765@example.com,female,False,9,False,5,Designer,48,46,45,44,43,42,40
766,Om,Malhotra,om.malhotra.766@example.com,male,True,6,True,10,Scientist,60,62,58,56,54,52,50
767,Aditi,Chopra,aditi.chopra.767@example.com,female,False,7,True,15,Artist,45,43,42,41,40,39,38
768,Aarav,Iyer,aarav.iyer.768@example.com,male,True,5,False,20,Chef,50,52,54,56,58,55,53
769,Naina,Verma,naina.verma.769@example.com,female,False,8,True,8,Doctor,70,68,72,75,74,73,71
770,Karan,Singh,karan.singh.770@example.com,male,True,9,True,12,Designer,60,62,61,59,57,55,53
771,Tara,Bansal,tara.bansal.771@example.com,female,False,6,True,10,Nurse,45,47,49,48,46,44,42
772,Vihaan,Reddy,vihaan.reddy.772@example.com,male,True,7,False,15,Artist,50,52,51,50,48,46,45
773,Riya,Gupta,riya.gupta.773@example.com,female,False,5,True,20,Scientist,60,58,56,54,52,51,49
774,Devansh,Kumar,devansh.kumar.774@example.com,male,True,8,True,22,Chef,70,69,67,65,63,62,60
775,Aarav,Bhatia,aarav.bhatia.775@example.com,male,False,9,False,8,Designer,48,45,42,41,39,38,37
776,Ananya,Patel,ananya.patel.776@example.com,female,True,6,True,15,Teacher,55,54,52,51,50,49,48
777,Rehan,Rai,rehan.rai.777@example.com,male,False,7,True,10,Nurse,50,52,51,50,48,46,45
778,Kriti,Thakur,kriti.thakur.778@example.com,female,True,5,False,12,Artist,60,61,62,63,64,65,66
779,Rohan,Sharma,rohan.sharma.779@example.com,male,False,8,True,8,Scientist,40,42,41,39,38,37,36
780,Sanya,Iyer,sanya.iyer.780@example.com,female,True,9,True,15,Chef,55,56,54,52,51,49,48
781,Vikram,Gupta,vikram.gupta.781@example.com,male,False,6,False,20,Doctor,45,48,50,52,54,56,58
782,Simran,Malhotra,simran.malhotra.782@example.com,female,True,7,True,10,Designer,60,62,61,59,57,55,53
783,Aarush,Chopra,aarush.chopra.783@example.com,male,False,5,True,8,Teacher,70,68,72,74,75,73,72
784,Nisha,Bansal,nisha.bansal.784@example.com,female,True,9,False,5,Nurse,48,46,45,44,43,42,41
785,Dev,Verma,dev.verma.785@example.com,male,False,6,True,12,Scientist,50,52,51,49,48,47,46
786,Kiara,Reddy,kiara.reddy.786@example.com,female,True,8,True,15,Artist,40,39,38,37,36,35,34
787,Tanya,Iyer,tanya.iyer.787@example.com,female,False,7,False,10,Chef,55,56,54,52,51,50,49
788,Raj,Sharma,raj.sharma.788@example.com,male,True,5,True,20,Designer,60,62,58,56,54,52,50
789,Riya,Patel,riya.patel.789@example.com,female,False,9,True,18,Nurse,45,44,42,41,39,38,37
790,Reyansh,Bhatia,reyansh.bhatia.790@example.com,male,True,6,False,5,Scientist,70,68,72,75,74,73,71
791,Aditi,Kumar,aditi.kumar.791@example.com,female,False,8,True,12,Doctor,50,52,51,49,48,46,45
792,Arjun,Gupta,arjun.gupta.792@example.com,male,True,7,True,15,Artist,40,38,36,35,34,33,32
793,Sakshi,Rai,sakshi.rai.793@example.com,female,False,5,False,10,Nurse,60,62,61,59,58,57,55
794,Advik,Sharma,advik.sharma.794@example.com,male,True,9,True,20,Chef,45,48,46,44,43,41,39
795,Naina,Kumar,naina.kumar.795@example.com,female,False,6,True,8,Designer,50,52,54,53,51,50,49
796,Vikrant,Verma,vikrant.verma.796@example.com,male,True,8,True,10,Scientist,70,68,70,72,74,76,78
797,Tara,Thakur,tara.thakur.797@example.com,female,False,5,False,12,Doctor,45,44,43,42,41,40,39
798,Arnav,Patel,arnav.patel.798@example.com,male,True,9,True,5,Artist,60,62,60,58,57,55,53
799,Pooja,Bansal,pooja.bansal.799@example.com,female,False,6,True,10,Nurse,50,52,51,49,48,46,45
800,Aarav,Reddy,aarav.reddy.800@example.com,male,True,7,False,15,Chef,40,39,38,37,36,35,34
801,Rehan,Sharma,rehan.sharma.801@example.com,male,True,6,True,15,Engineer,45,40,42,44,38,36,35
802,Kiara,Iyer,kiara.iyer.802@example.com,female,False,7,False,10,Doctor,60,62,61,59,58,56,54
803,Aditya,Gupta,aditya.gupta.803@example.com,male,True,5,True,8,Scientist,50,52,51,50,48,47,46
804,Tanya,Patel,tanya.patel.804@example.com,female,False,9,True,20,Artist,40,41,39,37,35,34,33
805,Aarav,Reddy,aarav.reddy.805@example.com,male,True,8,False,12,Chef,55,53,54,52,50,49,48
806,Nisha,Verma,nisha.verma.806@example.com,female,False,6,True,15,Teacher,48,47,45,44,42,41,40
807,Devansh,Rai,devansh.rai.807@example.com,male,True,7,True,10,Nurse,62,60,58,57,55,53,52
808,Reyansh,Bansal,reyansh.bansal.808@example.com,male,False,5,False,5,Designer,50,48,49,45,46,44,43
809,Ananya,Kumar,ananya.kumar.809@example.com,female,True,8,True,10,Artist,40,42,41,39,38,37,36
810,Sakshi,Sharma,sakshi.sharma.810@example.com,female,False,9,True,12,Scientist,55,57,54,52,51,50,49
811,Rohan,Thakur,rohan.thakur.811@example.com,male,True,6,False,15,Chef,68,65,66,64,62,60,59
812,Aditi,Gupta,aditi.gupta.812@example.com,female,False,7,True,20,Teacher,70,72,74,75,73,71,70
813,Vihaan,Reddy,vihaan.reddy.813@example.com,male,True,5,True,10,Nurse,45,48,47,46,45,43,41
814,Arjun,Kumar,arjun.kumar.814@example.com,male,False,8,False,15,Scientist,60,62,58,56,54,52,50
815,Kriti,Patel,kriti.patel.815@example.com,female,True,6,True,10,Artist,50,49,48,47,46,45,44
816,Rehan,Iyer,rehan.iyer.816@example.com,male,False,7,False,12,Doctor,40,39,38,37,36,35,34
817,Sanya,Gupta,sanya.gupta.817@example.com,female,True,9,True,8,Chef,55,54,52,51,50,49,48
818,Naina,Rai,naina.rai.818@example.com,female,False,6,True,15,Designer,48,47,45,43,42,40,39
819,Aarush,Malhotra,aarush.malhotra.819@example.com,male,True,7,True,10,Nurse,70,68,65,64,62,60,58
820,Tara,Bansal,tara.bansal.820@example.com,female,False,8,False,20,Scientist,50,52,51,49,48,46,45
821,Dev,Sharma,dev.sharma.821@example.com,male,True,9,True,12,Chef,60,62,64,66,68,70,72
822,Sakshi,Thakur,sakshi.thakur.822@example.com,female,False,5,False,10,Artist,45,43,42,41,40,39,38
823,Advik,Iyer,advik.iyer.823@example.com,male,True,6,True,15,Doctor,70,71,72,73,74,75,76
824,Ananya,Gupta,ananya.gupta.824@example.com,female,False,8,False,20,Chef,48,47,45,44,42,40,39
825,Rohan,Patel,rohan.patel.825@example.com,male,True,9,True,10,Nurse,55,54,53,52,51,50,49
826,Aditi,Reddy,aditi.reddy.826@example.com,female,False,6,True,15,Scientist,40,39,38,37,36,35,34
827,Vihaan,Bansal,vihaan.bansal.827@example.com,male,True,5,False,10,Artist,70,68,67,66,65,64,63
828,Nisha,Verma,nisha.verma.828@example.com,female,False,7,True,12,Designer,55,56,58,59,60,61,62
829,Tanya,Rai,tanya.rai.829@example.com,female,True,8,True,15,Chef,48,47,46,45,44,43,42
830,Reyansh,Iyer,reyansh.iyer.830@example.com,male,False,6,False,20,Doctor,50,52,51,50,48,46,45
831,Sakshi,Kumar,sakshi.kumar.831@example.com,female,True,9,True,10,Nurse,40,39,38,37,36,35,34
832,Arnav,Bansal,arnav.bansal.832@example.com,male,False,8,True,15,Scientist,60,62,63,64,65,66,67
833,Devansh,Patel,devansh.patel.833@example.com,male,True,5,True,8,Chef,55,54,52,51,50,49,48
834,Kiara,Thakur,kiara.thakur.834@example.com,female,False,6,False,12,Artist,48,47,45,44,43,42,40
835,Naina,Reddy,naina.reddy.835@example.com,female,True,7,True,20,Doctor,70,71,70,69,68,67,66
836,Aditya,Kumar,aditya.kumar.836@example.com,male,False,8,True,15,Designer,50,52,51,49,48,46,45
837,Tara,Gupta,tara.gupta.837@example.com,female,True,6,False,10,Nurse,45,46,44,43,42,41,40
838,Aarush,Bansal,aarush.bansal.838@example.com,male,False,9,True,12,Scientist,60,62,61,59,58,57,56
839,Rehan,Verma,rehan.verma.839@example.com,male,True,5,False,15,Artist,40,39,38,37,36,35,34
840,Kriti,Sharma,kriti.sharma.840@example.com,female,False,8,True,10,Doctor,70,72,74,76,75,74,73
881,Aditi,Kumar,aditi.kumar.881@example.com,female,False,1.5,False,10,Artist,30,28,29,27,26,25,24
882,Arjun,Verma,arjun.verma.882@example.com,male,False,2.5,True,8,Scientist,32,30,31,29,28,27,25
883,Nisha,Rai,nisha.rai.883@example.com,female,False,3.5,False,5,Doctor,25,24,23,22,21,20,19
884,Devansh,Patel,devansh.patel.884@example.com,male,False,4.5,True,15,Chef,35,33,30,31,29,28,27
885,Ananya,Bansal,ananya.bansal.885@example.com,female,False,1.5,False,12,Artist,28,26,25,24,23,22,21
886,Arnav,Thakur,arnav.thakur.886@example.com,male,False,2.5,True,18,Nurse,29,27,26,25,24,23,22
887,Kriti,Iyer,kriti.iyer.887@example.com,female,False,3.5,False,15,Teacher,33,30,31,29,28,26,25
888,Rohan,Sharma,rohan.sharma.888@example.com,male,False,2.5,True,10,Artist,40,38,37,35,34,32,31
889,Sakshi,Gupta,sakshi.gupta.889@example.com,female,False,4.5,False,10,Doctor,25,24,22,20,19,18,17
890,Tara,Patel,tara.patel.890@example.com,female,False,3.5,True,10,Chef,32,30,29,28,26,25,24
891,Vikram,Reddy,vikram.reddy.891@example.com,male,False,1.5,True,15,Scientist,35,33,30,31,29,28,27
892,Aarav,Kumar,aarav.kumar.892@example.com,male,False,2.5,True,20,Artist,30,28,26,24,23,22,21
893,Naina,Iyer,naina.iyer.893@example.com,female,False,3.5,False,5,Nurse,25,24,23,22,21,20,19
894,Aditya,Verma,aditya.verma.894@example.com,male,False,4.5,True,15,Chef,38,36,35,34,32,31,30
895,Aditi,Sharma,aditi.sharma.895@example.com,female,False,1.5,False,10,Doctor,22,21,20,19,18,17,16
896,Dev,Patel,dev.patel.896@example.com,male,False,2.5,True,12,Artist,28,27,25,24,23,22,21
897,Riya,Kumar,riya.kumar.897@example.com,female,False,3.5,False,10,Scientist,30,28,29,27,26,25,24
898,Kriti,Bansal,kriti.bansal.898@example.com,female,False,4.5,True,18,Chef,35,34,33,31,30,28,27
899,Aarav,Rai,aarav.rai.899@example.com,male,False,2.5,False,10,Artist,25,23,22,21,20,19,18
900,Reyansh,Gupta,reyansh.gupta.900@example.com,male,False,3.5,False,15,Doctor,40,38,36,35,34,33,32
901,Simran,Reddy,simran.reddy.901@example.com,female,False,1.5,True,12,Nurse,28,26,25,24,23,22,21
902,Om,Sharma,om.sharma.902@example.com,male,False,2.5,False,10,Artist,35,34,33,31,30,28,27
903,Sanya,Patel,sanya.patel.903@example.com,female,False,4.5,True,10,Chef,30,28,26,24,22,20,19
904,Tara,Iyer,tara.iyer.904@example.com,female,False,3.5,True,12,Scientist,28,26,25,24,23,22,21
905,Aditya,Bansal,aditya.bansal.905@example.com,male,False,2.5,False,10,Artist,30,29,27,26,25,24,23
906,Rishabh,Gupta,rishabh.gupta.906@example.com,male,False,4.5,True,15,Doctor,40,38,36,35,34,33,32
907,Devansh,Rai,devansh.rai.907@example.com,male,False,1.5,False,10,Chef,35,33,31,30,29,28,27
908,Aditi,Kumar,aditi.kumar.908@example.com,female,False,2.5,True,12,Nurse,28,26,25,24,23,22,21
909,Rehan,Verma,rehan.verma.909@example.com,male,False,3.5,False,5,Artist,32,30,28,27,26,25,24
910,Kriti,Reddy,kriti.reddy.910@example.com,female,False,4.5,True,15,Doctor,30,28,26,24,22,20,19
911,Rohan,Bansal,rohan.bansal.911@example.com,male,False,1.5,True,10,Chef,25,23,22,20,19,18,17
912,Om,Gupta,om.gupta.912@example.com,male,False,2.5,False,10,Scientist,30,29,28,26,25,24,23
913,Aarav,Rai,aarav.rai.913@example.com,male,False,3.5,True,15,Nurse,35,33,31,30,29,28,27
914,Sanya,Patel,sanya.patel.914@example.com,female,False,4.5,False,12,Artist,40,38,36,34,32,30,29
915,Kriti,Kumar,kriti.kumar.915@example.com,female,False,1.5,True,10,Doctor,30,28,26,24,22,20,19
916,Reyansh,Sharma,reyansh.sharma.916@example.com,male,False,2.5,False,10,Chef,35,34,33,31,30,28,27
917,Aditi,Bansal,aditi.bansal.917@example.com,female,False,3.5,True,12,Scientist,28,26,25,24,23,22,21
918,Tara,Iyer,tara.iyer.918@example.com,female,False,4.5,False,5,Nurse,25,24,23,22,21,20,19
919,Devansh,Kumar,devansh.kumar.919@example.com,male,False,1.5,True,10,Artist,30,29,27,26,25,24,23
920,Advik,Patel,advik.patel.920@example.com,male,False,2.5,False,15,Chef,32,30,28,27,26,25,24
921,Aarav,Kumar,aarav.kumar.921@example.com,male,False,1.5,True,15,Engineer,85,80,78,82,90,88,87
922,Kriti,Bansal,kriti.bansal.922@example.com,female,False,2.5,True,12,Doctor,82,85,81,80,79,86,88
923,Rohan,Patel,rohan.patel.923@example.com,male,False,3.5,True,10,Scientist,78,79,80,83,85,87,89
924,Simran,Sharma,simran.sharma.924@example.com,female,False,1.5,False,20,Artist,88,85,84,86,87,89,91
925,Aarushi,Iyer,aarushi.iyer.925@example.com,female,False,2.5,True,10,Engineer,90,92,91,89,88,90,92
926,Dev,Verma,dev.verma.926@example.com,male,False,4.5,True,15,Teacher,82,81,80,83,85,86,84
927,Nisha,Kumar,nisha.kumar.927@example.com,female,False,1.5,False,12,Nurse,84,83,85,86,87,88,89
928,Rishabh,Rai,rishabh.rai.928@example.com,male,False,2.5,True,10,Chef,87,88,89,90,91,92,93
929,Sanya,Gupta,sanya.gupta.929@example.com,female,False,3.5,True,18,Artist,90,89,88,87,86,85,84
930,Advik,Reddy,advik.reddy.930@example.com,male,False,1.5,True,12,Scientist,81,80,82,84,86,88,87
931,Kriti,Patel,kriti.patel.931@example.com,female,False,2.5,False,5,Engineer,79,78,80,81,83,85,86
932,Tara,Bansal,tara.bansal.932@example.com,female,False,3.5,True,15,Doctor,85,86,87,88,89,90,91
933,Rohan,Iyer,rohan.iyer.933@example.com,male,False,1.5,False,10,Chef,88,89,87,86,85,84,83
934,Aditi,Verma,aditi.verma.934@example.com,female,False,2.5,True,20,Artist,90,91,92,93,94,95,96
935,Devansh,Kumar,devansh.kumar.935@example.com,male,False,4.5,True,10,Scientist,85,84,83,82,81,80,79
936,Reyansh,Rai,reyansh.rai.936@example.com,male,False,1.5,False,12,Nurse,80,81,82,83,84,85,86
937,Ananya,Sharma,ananya.sharma.937@example.com,female,False,2.5,True,15,Chef,82,83,84,85,86,87,88
938,Arjun,Gupta,arjun.gupta.938@example.com,male,False,3.5,True,10,Artist,90,91,92,93,94,95,96
939,Kriti,Kumar,kriti.kumar.939@example.com,female,False,1.5,False,20,Engineer,86,85,84,83,82,81,80
940,Sakshi,Patel,sakshi.patel.940@example.com,female,False,2.5,True,10,Doctor,89,88,87,86,85,84,83
941,Aarav,Verma,aarav.verma.941@example.com,male,False,3.5,True,12,Nurse,87,86,85,84,83,82,81
942,Naina,Bansal,naina.bansal.942@example.com,female,False,1.5,False,15,Chef,88,89,90,91,92,93,94
943,Rohan,Reddy,rohan.reddy.943@example.com,male,False,2.5,True,10,Artist,92,93,94,95,96,97,98
944,Dev,Patel,dev.patel.944@example.com,male,False,4.5,True,18,Scientist,81,80,82,83,84,85,86
945,Sanya,Kumar,sanya.kumar.945@example.com,female,False,1.5,False,12,Doctor,86,87,88,89,90,91,92
946,Advik,Bansal,advik.bansal.946@example.com,male,False,2.5,True,10,Chef,89,88,87,86,85,84,83
947,Kriti,Rai,kriti.rai.947@example.com,female,False,3.5,True,20,Artist,90,91,92,93,94,95,96
948,Om,Sharma,om.sharma.948@example.com,male,False,1.5,False,15,Scientist,84,85,86,87,88,89,90
949,Riya,Gupta,riya.gupta.949@example.com,female,False,2.5,True,10,Nurse,90,91,92,93,94,95,96
950,Karan,Patel,karan.patel.950@example.com,male,False,4.5,False,12,Doctor,88,89,90,91,92,93,94